id,storeName,category,url,source
1,코노지,이자카야,"https://map.naver.com/p/search/%EB%B6%80%EC%82%B0%EB%8C%80%20%EB%A7%9B%EC%A7%91/place/1908504121?c=15.00,0,0,0,dh&placePath=/home?entry=bmp&n_ad_group_type=10&n_query=%EB%B6%80%EC%82%B0%EB%8C%80%EB%A7%9B%EC%A7%91&from=map&fromPanelNum=2&timestamp=202508311559&locale=ko&svcName=map_pcv5&searchText=%EB%B6%80%EC%82%B0%EB%8C%80%20%EB%A7%9B%EC%A7%91",crawl
2,홍보석 숯불구이,돼지고기구이,"https://map.naver.com/p/search/%EB%B6%80%EC%82%B0%EB%8C%80%20%EB%A7%9B%EC%A7%91/place/11666897?c=15.00,0,0,0,dh&placePath=/home?entry=bmp&n_ad_group_type=10&n_query=%EB%B6%80%EC%82%B0%EB%8C%80%EB%A7%9B%EC%A7%91&from=map&fromPanelNum=2&timestamp=202508311559&locale=ko&svcName=map_pcv5&searchText=%EB%B6%80%EC%82%B0%EB%8C%80%20%EB%A7%9B%EC%A7%91",crawl
3,거창맷돌 본점,한식,"https://map.naver.com/p/search/%EB%B6%80%EC%82%B0%EB%8C%80%20%EB%A7%9B%EC%A7%91/place/16902373?c=15.00,0,0,0,dh&placePath=/home?entry=bmp&from=map&fromPanelNum=2&timestamp=202508311559&locale=ko&svcName=map_pcv5&searchText=%EB%B6%80%EC%82%B0%EB%8C%80%20%EB%A7%9B%EC%A7%91",crawl
4,부산대 포맨티코 본점,베트남음식,"https://map.naver.com/p/search/%EB%B6%80%EC%82%B0%EB%8C%80%20%EB%A7%9B%EC%A7%91/place/1420568443?c=15.00,0,0,0,dh&placePath=/home?entry=bmp&from=map&fromPanelNum=2&timestamp=202508311559&locale=ko&svcName=map_pcv5&searchText=%EB%B6%80%EC%82%B0%EB%8C%80%20%EB%A7%9B%EC%A7%91",crawl
5,효원우곱,"곱창,막창,양","https://map.naver.com/p/search/%EB%B6%80%EC%82%B0%EB%8C%80%20%EB%A7%9B%EC%A7%91/place/1841098695?c=15.00,0,0,0,dh&placePath=/home?entry=bmp&from=map&fromPanelNum=2&timestamp=202508311559&locale=ko&svcName=map_pcv5&searchText=%EB%B6%80%EC%82%B0%EB%8C%80%20%EB%A7%9B%EC%A7%91",crawl
6,만서리 이가네 막국수 본점,막국수,"https://map.naver.com/p/search/%EB%B6%80%EC%82%B0%EB%8C%80%20%EB%A7%9B%EC%A7%91/place/21710765?c=15.00,0,0,0,dh&placePath=/home?entry=bmp&from=map&fromPanelNum=2&timestamp=202508311559&locale=ko&svcName=map_pcv5&searchText=%EB%B6%80%EC%82%B0%EB%8C%80%20%EB%A7%9B%EC%A7%91",crawl
7,부막숯불닭갈비 부산대점,닭갈비,"https://map.naver.com/p/search/%EB%B6%80%EC%82%B0%EB%8C%80%20%EB%A7%9B%EC%A7%91/place/1003637302?c=15.00,0,0,0,dh&placePath=/home?entry=bmp&from=map&fromPanelNum=2&timestamp=202508311559&locale=ko&svcName=map_pcv5&searchText=%EB%B6%80%EC%82%B0%EB%8C%80%20%EB%A7%9B%EC%A7%91",crawl
8,효원주가,한식,"https://map.naver.com/p/search/%EB%B6%80%EC%82%B0%EB%8C%80%20%EB%A7%9B%EC%A7%91/place/1630393521?c=15.00,0,0,0,dh&placePath=/home?entry=bmp&from=map&fromPanelNum=2&timestamp=202508311559&locale=ko&svcName=map_pcv5&searchText=%EB%B6%80%EC%82%B0%EB%8C%80%20%EB%A7%9B%EC%A7%91",crawl
9,서빙고본점,"카페,디저트","https://map.naver.com/p/search/%EB%B6%80%EC%82%B0%EB%8C%80%20%EB%A7%9B%EC%A7%91/place/34665985?c=15.00,0,0,0,dh&placePath=/home?entry=bmp&from=map&fromPanelNum=2&timestamp=202508311559&locale=ko&svcName=map_pcv5&searchText=%EB%B6%80%EC%82%B0%EB%8C%80%20%EB%A7%9B%EC%A7%91",crawl
10,이흥용과자점 부산대직영점,이흥용과자점,"https://map.naver.com/p/search/%EB%B6%80%EC%82%B0%EB%8C%80%20%EB%A7%9B%EC%A7%91/place/1584126913?c=15.00,0,0,0,dh&placePath=/home?entry=bmp&from=map&fromPanelNum=2&timestamp=202508311559&locale=ko&svcName=map_pcv5&searchText=%EB%B6%80%EC%82%B0%EB%8C%80%20%EB%A7%9B%EC%A7%91",crawl
11,보노베리 본점,"카페,디저트","https://map.naver.com/p/search/%EB%B6%80%EC%82%B0%EB%8C%80%20%EB%A7%9B%EC%A7%91/place/722313262?c=15.00,0,0,0,dh&placePath=/home?entry=bmp&from=map&fromPanelNum=2&timestamp=202508311559&locale=ko&svcName=map_pcv5&searchText=%EB%B6%80%EC%82%B0%EB%8C%80%20%EB%A7%9B%EC%A7%91",crawl
12,샤브20 부산금정점,샤브샤브,"https://map.naver.com/p/search/%EB%B6%80%EC%82%B0%EB%8C%80%20%EB%A7%9B%EC%A7%91/place/1774935884?c=15.00,0,0,0,dh&placePath=/home?entry=bmp&from=map&fromPanelNum=2&timestamp=202508311559&locale=ko&svcName=map_pcv5&searchText=%EB%B6%80%EC%82%B0%EB%8C%80%20%EB%A7%9B%EC%A7%91",crawl
13,모모후,"카페,디저트","https://map.naver.com/p/search/%EB%B6%80%EC%82%B0%EB%8C%80%20%EB%A7%9B%EC%A7%91/place/1862526886?c=15.00,0,0,0,dh&placePath=/home?entry=bmp&n_ad_group_type=10&n_query=%EB%B6%80%EC%82%B0%EB%8C%80%EB%A7%9B%EC%A7%91&from=map&fromPanelNum=2&timestamp=202508311559&locale=ko&svcName=map_pcv5&searchText=%EB%B6%80%EC%82%B0%EB%8C%80%20%EB%A7%9B%EC%A7%91",crawl
14,빼어날수연어 부산대점,생선회,"https://map.naver.com/p/search/%EB%B6%80%EC%82%B0%EB%8C%80%20%EB%A7%9B%EC%A7%91/place/1618726793?c=15.00,0,0,0,dh&placePath=/home?entry=bmp&n_ad_group_type=10&n_query=%EB%B6%80%EC%82%B0%EB%8C%80%EB%A7%9B%EC%A7%91&from=map&fromPanelNum=2&timestamp=202508311559&locale=ko&svcName=map_pcv5&searchText=%EB%B6%80%EC%82%B0%EB%8C%80%20%EB%A7%9B%EC%A7%91",crawl
15,포포포 부산대본점,베트남음식,"https://map.naver.com/p/search/%EB%B6%80%EC%82%B0%EB%8C%80%20%EB%A7%9B%EC%A7%91/place/1257247244?c=15.00,0,0,0,dh&placePath=/home?entry=bmp&from=map&fromPanelNum=2&timestamp=202508311559&locale=ko&svcName=map_pcv5&searchText=%EB%B6%80%EC%82%B0%EB%8C%80%20%EB%A7%9B%EC%A7%91",crawl
16,맛나감자탕 부산대점,감자탕,"https://map.naver.com/p/search/%EB%B6%80%EC%82%B0%EB%8C%80%20%EB%A7%9B%EC%A7%91/place/33217532?c=15.00,0,0,0,dh&placePath=/home?entry=bmp&from=map&fromPanelNum=2&timestamp=202508311559&locale=ko&svcName=map_pcv5&searchText=%EB%B6%80%EC%82%B0%EB%8C%80%20%EB%A7%9B%EC%A7%91",crawl
17,분잉,종합분식,"https://map.naver.com/p/search/%EB%B6%80%EC%82%B0%EB%8C%80%20%EB%A7%9B%EC%A7%91/place/1237092833?c=15.00,0,0,0,dh&placePath=/home?entry=bmp&from=map&fromPanelNum=2&timestamp=202508311559&locale=ko&svcName=map_pcv5&searchText=%EB%B6%80%EC%82%B0%EB%8C%80%20%EB%A7%9B%EC%A7%91",crawl
18,톤쇼우,돈가스,"https://map.naver.com/p/search/%EB%B6%80%EC%82%B0%EB%8C%80%20%EB%A7%9B%EC%A7%91/place/1539507827?c=15.00,0,0,0,dh&placePath=/home?entry=bmp&from=map&fromPanelNum=2&timestamp=202508311559&locale=ko&svcName=map_pcv5&searchText=%EB%B6%80%EC%82%B0%EB%8C%80%20%EB%A7%9B%EC%A7%91",crawl
19,스시심타카이,"초밥,롤","https://map.naver.com/p/search/%EB%B6%80%EC%82%B0%EB%8C%80%20%EB%A7%9B%EC%A7%91/place/1814706604?c=15.00,0,0,0,dh&placePath=/home?entry=bmp&from=map&fromPanelNum=2&timestamp=202508311600&locale=ko&svcName=map_pcv5&searchText=%EB%B6%80%EC%82%B0%EB%8C%80%20%EB%A7%9B%EC%A7%91",crawl
20,교토밥상,일식당,"https://map.naver.com/p/search/%EB%B6%80%EC%82%B0%EB%8C%80%20%EB%A7%9B%EC%A7%91/place/946038637?c=15.00,0,0,0,dh&placePath=/home?entry=bmp&from=map&fromPanelNum=2&timestamp=202508311600&locale=ko&svcName=map_pcv5&searchText=%EB%B6%80%EC%82%B0%EB%8C%80%20%EB%A7%9B%EC%A7%91",crawl
21,수림식당 부산대점,중식당,"https://map.naver.com/p/search/%EB%B6%80%EC%82%B0%EB%8C%80%20%EB%A7%9B%EC%A7%91/place/1487029633?c=15.00,0,0,0,dh&placePath=/home?entry=bmp&from=map&fromPanelNum=2&timestamp=202508311600&locale=ko&svcName=map_pcv5&searchText=%EB%B6%80%EC%82%B0%EB%8C%80%20%EB%A7%9B%EC%A7%91",crawl
22,어가 가이텐스시,"초밥,롤","https://map.naver.com/p/search/%EB%B6%80%EC%82%B0%EB%8C%80%20%EB%A7%9B%EC%A7%91/place/1816500678?c=15.00,0,0,0,dh&placePath=/home?entry=bmp&from=map&fromPanelNum=2&timestamp=202508311600&locale=ko&svcName=map_pcv5&searchText=%EB%B6%80%EC%82%B0%EB%8C%80%20%EB%A7%9B%EC%A7%91",crawl
23,그집짬뽕0927 부산대점,중식당,"https://map.naver.com/p/search/%EB%B6%80%EC%82%B0%EB%8C%80%20%EB%A7%9B%EC%A7%91/place/1572637966?c=15.00,0,0,0,dh&placePath=/home?entry=bmp&from=map&fromPanelNum=2&timestamp=202508311600&locale=ko&svcName=map_pcv5&searchText=%EB%B6%80%EC%82%B0%EB%8C%80%20%EB%A7%9B%EC%A7%91",crawl
24,지대루참숯왕소금구이,"육류,고기요리","https://map.naver.com/p/search/%EB%B6%80%EC%82%B0%EB%8C%80%20%EB%A7%9B%EC%A7%91/place/16889047?c=15.00,0,0,0,dh&placePath=/home?entry=bmp&from=map&fromPanelNum=2&timestamp=202508311600&locale=ko&svcName=map_pcv5&searchText=%EB%B6%80%EC%82%B0%EB%8C%80%20%EB%A7%9B%EC%A7%91",crawl
25,부막숯불닭갈비 부산대점,닭갈비,"https://map.naver.com/p/search/%EB%B6%80%EC%82%B0%EB%8C%80%20%EB%A7%9B%EC%A7%91/place/1003637302?c=15.00,0,0,0,dh&placePath=/home?entry=bmp&n_ad_group_type=10&n_query=%EB%B6%80%EC%82%B0%EB%8C%80%EB%A7%9B%EC%A7%91&from=map&fromPanelNum=2&timestamp=202508311600&locale=ko&svcName=map_pcv5&searchText=%EB%B6%80%EC%82%B0%EB%8C%80%20%EB%A7%9B%EC%A7%91",crawl
26,키노,양식,"https://map.naver.com/p/search/%EB%B6%80%EC%82%B0%EB%8C%80%20%EB%A7%9B%EC%A7%91/place/1525283898?c=15.00,0,0,0,dh&placePath=/home?entry=bmp&n_ad_group_type=10&n_query=%EB%B6%80%EC%82%B0%EB%8C%80%EB%A7%9B%EC%A7%91&from=map&fromPanelNum=2&timestamp=202508311600&locale=ko&svcName=map_pcv5&searchText=%EB%B6%80%EC%82%B0%EB%8C%80%20%EB%A7%9B%EC%A7%91",crawl
27,스나쿠 부산대,일식당,"https://map.naver.com/p/search/%EB%B6%80%EC%82%B0%EB%8C%80%20%EB%A7%9B%EC%A7%91/place/1573494989?c=15.00,0,0,0,dh&placePath=/home?entry=bmp&from=map&fromPanelNum=2&timestamp=202508311600&locale=ko&svcName=map_pcv5&searchText=%EB%B6%80%EC%82%B0%EB%8C%80%20%EB%A7%9B%EC%A7%91",crawl
28,유로드밀,"카페,디저트","https://map.naver.com/p/search/%EB%B6%80%EC%82%B0%EB%8C%80%20%EB%A7%9B%EC%A7%91/place/1802088866?c=15.00,0,0,0,dh&placePath=/home?entry=bmp&from=map&fromPanelNum=2&timestamp=202508311600&locale=ko&svcName=map_pcv5&searchText=%EB%B6%80%EC%82%B0%EB%8C%80%20%EB%A7%9B%EC%A7%91",crawl
29,애슐리퀸즈 NC 부산대점,패밀리레스토랑,"https://map.naver.com/p/search/%EB%B6%80%EC%82%B0%EB%8C%80%20%EB%A7%9B%EC%A7%91/place/21273878?c=15.00,0,0,0,dh&placePath=/home?entry=bmp&from=map&fromPanelNum=2&timestamp=202508311600&locale=ko&svcName=map_pcv5&searchText=%EB%B6%80%EC%82%B0%EB%8C%80%20%EB%A7%9B%EC%A7%91",crawl
30,코타츠 부산대본점,일식당,"https://map.naver.com/p/search/%EB%B6%80%EC%82%B0%EB%8C%80%20%EB%A7%9B%EC%A7%91/place/1809050602?c=15.00,0,0,0,dh&placePath=/home?entry=bmp&from=map&fromPanelNum=2&timestamp=202508311600&locale=ko&svcName=map_pcv5&searchText=%EB%B6%80%EC%82%B0%EB%8C%80%20%EB%A7%9B%EC%A7%91",crawl
31,라이크댓커피,카페,"https://map.naver.com/p/search/%EB%B6%80%EC%82%B0%EB%8C%80%20%EB%A7%9B%EC%A7%91/place/1082971610?c=15.00,0,0,0,dh&placePath=/home?entry=bmp&from=map&fromPanelNum=2&timestamp=202508311600&locale=ko&svcName=map_pcv5&searchText=%EB%B6%80%EC%82%B0%EB%8C%80%20%EB%A7%9B%EC%A7%91",crawl
32,유수베이커리 본점,베이커리,"https://map.naver.com/p/search/%EB%B6%80%EC%82%B0%EB%8C%80%20%EB%A7%9B%EC%A7%91/place/1128627027?c=15.00,0,0,0,dh&placePath=/home?entry=bmp&from=map&fromPanelNum=2&timestamp=202508311600&locale=ko&svcName=map_pcv5&searchText=%EB%B6%80%EC%82%B0%EB%8C%80%20%EB%A7%9B%EC%A7%91",crawl
33,Etalee,"카페,디저트","https://map.naver.com/p/search/%EB%B6%80%EC%82%B0%EB%8C%80%20%EB%A7%9B%EC%A7%91/place/1477126367?c=15.00,0,0,0,dh&placePath=/home?entry=bmp&from=map&fromPanelNum=2&timestamp=202508311600&locale=ko&svcName=map_pcv5&searchText=%EB%B6%80%EC%82%B0%EB%8C%80%20%EB%A7%9B%EC%A7%91",crawl
34,키노,양식,"https://map.naver.com/p/search/%EB%B6%80%EC%82%B0%EB%8C%80%20%EB%A7%9B%EC%A7%91/place/1525283898?c=15.00,0,0,0,dh&placePath=/home?entry=bmp&from=map&fromPanelNum=2&timestamp=202508311600&locale=ko&svcName=map_pcv5&searchText=%EB%B6%80%EC%82%B0%EB%8C%80%20%EB%A7%9B%EC%A7%91",crawl
35,도미노피자 부산대점,피자,"https://map.naver.com/p/search/%EB%B6%80%EC%82%B0%EB%8C%80%20%EB%A7%9B%EC%A7%91/place/11784049?c=15.00,0,0,0,dh&placePath=/home?entry=bmp&from=map&fromPanelNum=2&timestamp=202508311600&locale=ko&svcName=map_pcv5&searchText=%EB%B6%80%EC%82%B0%EB%8C%80%20%EB%A7%9B%EC%A7%91",crawl
36,뉴숯불통닭 본점,"치킨,닭강정","https://map.naver.com/p/search/%EB%B6%80%EC%82%B0%EB%8C%80%20%EB%A7%9B%EC%A7%91/place/1060479897?c=15.00,0,0,0,dh&placePath=/home?entry=bmp&from=map&fromPanelNum=2&timestamp=202508311600&locale=ko&svcName=map_pcv5&searchText=%EB%B6%80%EC%82%B0%EB%8C%80%20%EB%A7%9B%EC%A7%91",crawl
37,부산대 매일꽃돈,"육류,고기요리","https://map.naver.com/p/search/%EB%B6%80%EC%82%B0%EB%8C%80%20%EB%A7%9B%EC%A7%91/place/1233754447?c=15.00,0,0,0,dh&placePath=/home?entry=bmp&n_ad_group_type=10&n_query=%EB%B6%80%EC%82%B0%EB%8C%80%EB%A7%9B%EC%A7%91&from=map&fromPanelNum=2&timestamp=202508311601&locale=ko&svcName=map_pcv5&searchText=%EB%B6%80%EC%82%B0%EB%8C%80%20%EB%A7%9B%EC%A7%91",crawl
38,부들파이터 부산대점,양식,"https://map.naver.com/p/search/%EB%B6%80%EC%82%B0%EB%8C%80%20%EB%A7%9B%EC%A7%91/place/1776248007?c=15.00,0,0,0,dh&placePath=/home?entry=bmp&n_ad_group_type=10&n_query=%EB%B6%80%EC%82%B0%EB%8C%80%EB%A7%9B%EC%A7%91&from=map&fromPanelNum=2&timestamp=202508311601&locale=ko&svcName=map_pcv5&searchText=%EB%B6%80%EC%82%B0%EB%8C%80%20%EB%A7%9B%EC%A7%91",crawl
39,몽벨쉘터 부산대점,베이커리,"https://map.naver.com/p/search/%EB%B6%80%EC%82%B0%EB%8C%80%20%EB%A7%9B%EC%A7%91/place/1305923991?c=15.00,0,0,0,dh&placePath=/home?entry=bmp&from=map&fromPanelNum=2&timestamp=202508311601&locale=ko&svcName=map_pcv5&searchText=%EB%B6%80%EC%82%B0%EB%8C%80%20%EB%A7%9B%EC%A7%91",crawl
40,진진일품물횟집,생선회,"https://map.naver.com/p/search/%EB%B6%80%EC%82%B0%EB%8C%80%20%EB%A7%9B%EC%A7%91/place/34922875?c=15.00,0,0,0,dh&placePath=/home?entry=bmp&from=map&fromPanelNum=2&timestamp=202508311601&locale=ko&svcName=map_pcv5&searchText=%EB%B6%80%EC%82%B0%EB%8C%80%20%EB%A7%9B%EC%A7%91",crawl
41,갓지동 부산장전점,돈가스,"https://map.naver.com/p/search/%EB%B6%80%EC%82%B0%EB%8C%80%20%EB%A7%9B%EC%A7%91/place/1687847694?c=15.00,0,0,0,dh&placePath=/home?entry=bmp&from=map&fromPanelNum=2&timestamp=202508311601&locale=ko&svcName=map_pcv5&searchText=%EB%B6%80%EC%82%B0%EB%8C%80%20%EB%A7%9B%EC%A7%91",crawl
42,육일횟집,생선회,"https://map.naver.com/p/search/%EB%B6%80%EC%82%B0%EB%8C%80%20%EB%A7%9B%EC%A7%91/place/16510873?c=15.00,0,0,0,dh&placePath=/home?entry=bmp&from=map&fromPanelNum=2&timestamp=202508311601&locale=ko&svcName=map_pcv5&searchText=%EB%B6%80%EC%82%B0%EB%8C%80%20%EB%A7%9B%EC%A7%91",crawl
43,자마미등갈비,"육류,고기요리","https://map.naver.com/p/search/%EB%B6%80%EC%82%B0%EB%8C%80%20%EB%A7%9B%EC%A7%91/place/1574639046?c=15.00,0,0,0,dh&placePath=/home?entry=bmp&from=map&fromPanelNum=2&timestamp=202508311601&locale=ko&svcName=map_pcv5&searchText=%EB%B6%80%EC%82%B0%EB%8C%80%20%EB%A7%9B%EC%A7%91",crawl
44,이태리삼촌,돈가스,"https://map.naver.com/p/search/%EB%B6%80%EC%82%B0%EB%8C%80%20%EB%A7%9B%EC%A7%91/place/675571204?c=15.00,0,0,0,dh&placePath=/home?entry=bmp&from=map&fromPanelNum=2&timestamp=202508311601&locale=ko&svcName=map_pcv5&searchText=%EB%B6%80%EC%82%B0%EB%8C%80%20%EB%A7%9B%EC%A7%91",crawl
45,싸다김밥 부산대점,분식,"https://map.naver.com/p/search/%EB%B6%80%EC%82%B0%EB%8C%80%20%EB%A7%9B%EC%A7%91/place/1048790248?c=15.00,0,0,0,dh&placePath=/home?entry=bmp&from=map&fromPanelNum=2&timestamp=202508311601&locale=ko&svcName=map_pcv5&searchText=%EB%B6%80%EC%82%B0%EB%8C%80%20%EB%A7%9B%EC%A7%91",crawl
46,일가인 우리집,중식당,"https://map.naver.com/p/search/%EB%B6%80%EC%82%B0%EB%8C%80%20%EB%A7%9B%EC%A7%91/place/1128798856?c=15.00,0,0,0,dh&placePath=/home?entry=bmp&from=map&fromPanelNum=2&timestamp=202508311601&locale=ko&svcName=map_pcv5&searchText=%EB%B6%80%EC%82%B0%EB%8C%80%20%EB%A7%9B%EC%A7%91",crawl
47,코하루,일본식라면,"https://map.naver.com/p/search/%EB%B6%80%EC%82%B0%EB%8C%80%20%EB%A7%9B%EC%A7%91/place/35907835?c=15.00,0,0,0,dh&placePath=/home?entry=bmp&from=map&fromPanelNum=2&timestamp=202508311601&locale=ko&svcName=map_pcv5&searchText=%EB%B6%80%EC%82%B0%EB%8C%80%20%EB%A7%9B%EC%A7%91",crawl
48,서문국수,국수,"https://map.naver.com/p/search/%EB%B6%80%EC%82%B0%EB%8C%80%20%EB%A7%9B%EC%A7%91/place/1696919094?c=15.00,0,0,0,dh&placePath=/home?entry=bmp&from=map&fromPanelNum=2&timestamp=202508311601&locale=ko&svcName=map_pcv5&searchText=%EB%B6%80%EC%82%B0%EB%8C%80%20%EB%A7%9B%EC%A7%91",crawl
49,남썬 치킨 부산대점,"치킨,닭강정","https://map.naver.com/p/search/%EB%B6%80%EC%82%B0%EB%8C%80%20%EB%A7%9B%EC%A7%91/place/1179405493?c=15.00,0,0,0,dh&placePath=/home?entry=bmp&n_ad_group_type=10&n_query=%EB%B6%80%EC%82%B0%EB%8C%80%EB%A7%9B%EC%A7%91&from=map&fromPanelNum=2&timestamp=202508311601&locale=ko&svcName=map_pcv5&searchText=%EB%B6%80%EC%82%B0%EB%8C%80%20%EB%A7%9B%EC%A7%91",crawl
50,부산대 포맨티코 본점,베트남음식,"https://map.naver.com/p/search/%EB%B6%80%EC%82%B0%EB%8C%80%20%EB%A7%9B%EC%A7%91/place/1420568443?c=15.00,0,0,0,dh&placePath=/home?entry=bmp&n_ad_group_type=10&n_query=%EB%B6%80%EC%82%B0%EB%8C%80%EB%A7%9B%EC%A7%91&from=map&fromPanelNum=2&timestamp=202508311601&locale=ko&svcName=map_pcv5&searchText=%EB%B6%80%EC%82%B0%EB%8C%80%20%EB%A7%9B%EC%A7%91",crawl
51,소사베이커리,베이커리,"https://map.naver.com/p/search/%EB%B6%80%EC%82%B0%EB%8C%80%20%EB%A7%9B%EC%A7%91/place/1947956771?c=15.00,0,0,0,dh&placePath=/home?entry=bmp&from=map&fromPanelNum=2&timestamp=202508311601&locale=ko&svcName=map_pcv5&searchText=%EB%B6%80%EC%82%B0%EB%8C%80%20%EB%A7%9B%EC%A7%91",crawl
52,동동국밥 부산대점,국밥,"https://map.naver.com/p/search/%EB%B6%80%EC%82%B0%EB%8C%80%20%EB%A7%9B%EC%A7%91/place/1992474296?c=15.00,0,0,0,dh&placePath=/home?entry=bmp&from=map&fromPanelNum=2&timestamp=202508311601&locale=ko&svcName=map_pcv5&searchText=%EB%B6%80%EC%82%B0%EB%8C%80%20%EB%A7%9B%EC%A7%91",crawl
53,청화백돼지국밥 부곡본점,국밥,"https://map.naver.com/p/search/%EB%B6%80%EC%82%B0%EB%8C%80%20%EB%A7%9B%EC%A7%91/place/1190876646?c=15.00,0,0,0,dh&placePath=/home?entry=bmp&from=map&fromPanelNum=2&timestamp=202508311602&locale=ko&svcName=map_pcv5&searchText=%EB%B6%80%EC%82%B0%EB%8C%80%20%EB%A7%9B%EC%A7%91",crawl
54,나오리쇼쿠,한식,"https://map.naver.com/p/search/%EB%B6%80%EC%82%B0%EB%8C%80%20%EB%A7%9B%EC%A7%91/place/1228609331?c=15.00,0,0,0,dh&placePath=/home?entry=bmp&from=map&fromPanelNum=2&timestamp=202508311602&locale=ko&svcName=map_pcv5&searchText=%EB%B6%80%EC%82%B0%EB%8C%80%20%EB%A7%9B%EC%A7%91",crawl
55,부들파이터 부산대점,양식,"https://map.naver.com/p/search/%EB%B6%80%EC%82%B0%EB%8C%80%20%EB%A7%9B%EC%A7%91/place/1776248007?c=15.00,0,0,0,dh&placePath=/home?entry=bmp&from=map&fromPanelNum=2&timestamp=202508311602&locale=ko&svcName=map_pcv5&searchText=%EB%B6%80%EC%82%B0%EB%8C%80%20%EB%A7%9B%EC%A7%91",crawl
56,도야지면옥 본점,한식,"https://map.naver.com/p/search/%EB%B6%80%EC%82%B0%EB%8C%80%20%EB%A7%9B%EC%A7%91/place/401694921?c=15.00,0,0,0,dh&placePath=/home?entry=bmp&from=map&fromPanelNum=2&timestamp=202508311602&locale=ko&svcName=map_pcv5&searchText=%EB%B6%80%EC%82%B0%EB%8C%80%20%EB%A7%9B%EC%A7%91",crawl
57,칼맛나는푸짐한횟집,생선회,"https://map.naver.com/p/search/%EB%B6%80%EC%82%B0%EB%8C%80%20%EB%A7%9B%EC%A7%91/place/16887605?c=15.00,0,0,0,dh&placePath=/home?entry=bmp&from=map&fromPanelNum=2&timestamp=202508311602&locale=ko&svcName=map_pcv5&searchText=%EB%B6%80%EC%82%B0%EB%8C%80%20%EB%A7%9B%EC%A7%91",crawl
58,수림식당 본점,중식당,"https://map.naver.com/p/search/%EB%B6%80%EC%82%B0%EB%8C%80%20%EB%A7%9B%EC%A7%91/place/1668119469?c=15.00,0,0,0,dh&placePath=/home?entry=bmp&from=map&fromPanelNum=2&timestamp=202508311602&locale=ko&svcName=map_pcv5&searchText=%EB%B6%80%EC%82%B0%EB%8C%80%20%EB%A7%9B%EC%A7%91",crawl
59,박만석 돼지곰탕 온천직영점,한식,"https://map.naver.com/p/search/%EB%B6%80%EC%82%B0%EB%8C%80%20%EB%A7%9B%EC%A7%91/place/1219355742?c=15.00,0,0,0,dh&placePath=/home?entry=bmp&from=map&fromPanelNum=2&timestamp=202508311602&locale=ko&svcName=map_pcv5&searchText=%EB%B6%80%EC%82%B0%EB%8C%80%20%EB%A7%9B%EC%A7%91",crawl
60,송스베이커리,베이커리,"https://map.naver.com/p/search/%EB%B6%80%EC%82%B0%EB%8C%80%20%EB%A7%9B%EC%A7%91/place/1469182560?c=15.00,0,0,0,dh&placePath=/home?entry=bmp&from=map&fromPanelNum=2&timestamp=202508311602&locale=ko&svcName=map_pcv5&searchText=%EB%B6%80%EC%82%B0%EB%8C%80%20%EB%A7%9B%EC%A7%91",crawl
61,쿨키즈네버다이,카페,"https://map.naver.com/p/search/%EB%B6%80%EC%82%B0%EB%8C%80%20%EB%A7%9B%EC%A7%91/place/1028533112?c=15.00,0,0,0,dh&placePath=/home?entry=bmp&n_ad_group_type=10&n_query=%EB%B6%80%EC%82%B0%EB%8C%80%EB%A7%9B%EC%A7%91&from=map&fromPanelNum=2&timestamp=202508311602&locale=ko&svcName=map_pcv5&searchText=%EB%B6%80%EC%82%B0%EB%8C%80%20%EB%A7%9B%EC%A7%91",crawl
62,오색연,갈비탕,"https://map.naver.com/p/search/%EB%B6%80%EC%82%B0%EB%8C%80%20%EB%A7%9B%EC%A7%91/place/1212653294?c=15.00,0,0,0,dh&placePath=/home?entry=bmp&n_ad_group_type=10&n_query=%EB%B6%80%EC%82%B0%EB%8C%80%EB%A7%9B%EC%A7%91&from=map&fromPanelNum=2&timestamp=202508311602&locale=ko&svcName=map_pcv5&searchText=%EB%B6%80%EC%82%B0%EB%8C%80%20%EB%A7%9B%EC%A7%91",crawl
63,수수하지만굉장해 부산대점,돈가스,"https://map.naver.com/p/search/%EB%B6%80%EC%82%B0%EB%8C%80%20%EB%A7%9B%EC%A7%91/place/1431903110?c=15.00,0,0,0,dh&placePath=/home?entry=bmp&from=map&fromPanelNum=2&timestamp=202508311602&locale=ko&svcName=map_pcv5&searchText=%EB%B6%80%EC%82%B0%EB%8C%80%20%EB%A7%9B%EC%A7%91",crawl
64,레스토랑 우디,"스파게티,파스타전문","https://map.naver.com/p/search/%EB%B6%80%EC%82%B0%EB%8C%80%20%EB%A7%9B%EC%A7%91/place/1951558934?c=15.00,0,0,0,dh&placePath=/home?entry=bmp&from=map&fromPanelNum=2&timestamp=202508311602&locale=ko&svcName=map_pcv5&searchText=%EB%B6%80%EC%82%B0%EB%8C%80%20%EB%A7%9B%EC%A7%91",crawl
65,맥도날드 부산대2호점,햄버거,"https://map.naver.com/p/search/%EB%B6%80%EC%82%B0%EB%8C%80%20%EB%A7%9B%EC%A7%91/place/11807327?c=15.00,0,0,0,dh&placePath=/home?entry=bmp&from=map&fromPanelNum=2&timestamp=202508311602&locale=ko&svcName=map_pcv5&searchText=%EB%B6%80%EC%82%B0%EB%8C%80%20%EB%A7%9B%EC%A7%91",crawl
66,칠성돌곱창,"곱창,막창,양","https://map.naver.com/p/search/%EB%B6%80%EC%82%B0%EB%8C%80%20%EB%A7%9B%EC%A7%91/place/16644048?c=15.00,0,0,0,dh&placePath=/home?entry=bmp&from=map&fromPanelNum=2&timestamp=202508311603&locale=ko&svcName=map_pcv5&searchText=%EB%B6%80%EC%82%B0%EB%8C%80%20%EB%A7%9B%EC%A7%91",crawl
67,블루그로토,"카페,디저트","https://map.naver.com/p/search/%EB%B6%80%EC%82%B0%EB%8C%80%20%EB%A7%9B%EC%A7%91/place/1344807441?c=15.00,0,0,0,dh&placePath=/home?entry=bmp&from=map&fromPanelNum=2&timestamp=202508311603&locale=ko&svcName=map_pcv5&searchText=%EB%B6%80%EC%82%B0%EB%8C%80%20%EB%A7%9B%EC%A7%91",crawl
68,코스피어,"카페,디저트","https://map.naver.com/p/search/%EB%B6%80%EC%82%B0%EB%8C%80%20%EB%A7%9B%EC%A7%91/place/1196749625?c=15.00,0,0,0,dh&placePath=/home?entry=bmp&from=map&fromPanelNum=2&timestamp=202508311603&locale=ko&svcName=map_pcv5&searchText=%EB%B6%80%EC%82%B0%EB%8C%80%20%EB%A7%9B%EC%A7%91",crawl
69,맥도날드 부곡점,햄버거,"https://map.naver.com/p/search/%EB%B6%80%EC%82%B0%EB%8C%80%20%EB%A7%9B%EC%A7%91/place/11807326?c=15.00,0,0,0,dh&placePath=/home?entry=bmp&from=map&fromPanelNum=2&timestamp=202508311603&locale=ko&svcName=map_pcv5&searchText=%EB%B6%80%EC%82%B0%EB%8C%80%20%EB%A7%9B%EC%A7%91",crawl
70,겐쇼심야라멘 부산대점,일본식라면,"https://map.naver.com/p/search/%EB%B6%80%EC%82%B0%EB%8C%80%20%EB%A7%9B%EC%A7%91/place/1957564633?c=15.00,0,0,0,dh&placePath=/home?entry=bmp&from=map&fromPanelNum=2&timestamp=202508311603&locale=ko&svcName=map_pcv5&searchText=%EB%B6%80%EC%82%B0%EB%8C%80%20%EB%A7%9B%EC%A7%91",crawl
71,모모후,"카페,디저트","https://map.naver.com/p/search/%EB%B6%80%EC%82%B0%EB%8C%80%20%EB%A7%9B%EC%A7%91/place/1862526886?c=15.00,0,0,0,dh&placePath=/home?entry=bmp&from=map&fromPanelNum=2&timestamp=202508311603&locale=ko&svcName=map_pcv5&searchText=%EB%B6%80%EC%82%B0%EB%8C%80%20%EB%A7%9B%EC%A7%91",crawl
72,뼈굿감자탕&뼈구이 본점,한식,"https://map.naver.com/p/search/%EB%B6%80%EC%82%B0%EB%8C%80%20%EB%A7%9B%EC%A7%91/place/1257111232?c=15.00,0,0,0,dh&placePath=/home?entry=bmp&from=map&fromPanelNum=2&timestamp=202508311603&locale=ko&svcName=map_pcv5&searchText=%EB%B6%80%EC%82%B0%EB%8C%80%20%EB%A7%9B%EC%A7%91",crawl
73,부산대 우쭈쭈,주꾸미요리,"https://map.naver.com/p/search/%EB%B6%80%EC%82%B0%EB%8C%80%20%EB%A7%9B%EC%A7%91/place/35772301?c=15.00,0,0,0,dh&placePath=/home?entry=bmp&from=map&fromPanelNum=2&timestamp=202508311603&locale=ko&svcName=map_pcv5&searchText=%EB%B6%80%EC%82%B0%EB%8C%80%20%EB%A7%9B%EC%A7%91",crawl
74,리멘시타,이탈리아음식,"https://map.naver.com/p/search/%EB%B6%80%EC%82%B0%EB%8C%80%20%EB%A7%9B%EC%A7%91/place/13586951?c=15.00,0,0,0,dh&placePath=/home?entry=bmp&from=map&fromPanelNum=2&timestamp=202508311603&locale=ko&svcName=map_pcv5&searchText=%EB%B6%80%EC%82%B0%EB%8C%80%20%EB%A7%9B%EC%A7%91",crawl
75,키무엔라멘,일본식라면,"https://map.naver.com/p/search/%EB%B6%80%EC%82%B0%EB%8C%80%20%EB%A7%9B%EC%A7%91/place/1857908992?c=15.00,0,0,0,dh&placePath=/home?entry=bmp&from=map&fromPanelNum=2&timestamp=202508311603&locale=ko&svcName=map_pcv5&searchText=%EB%B6%80%EC%82%B0%EB%8C%80%20%EB%A7%9B%EC%A7%91",crawl
76,토비코,한식,"https://map.naver.com/p/search/%EB%B6%80%EC%82%B0%EB%8C%80%20%EB%A7%9B%EC%A7%91/place/11706297?c=15.00,0,0,0,dh&placePath=/home?entry=bmp&from=map&fromPanelNum=2&timestamp=202508311603&locale=ko&svcName=map_pcv5&searchText=%EB%B6%80%EC%82%B0%EB%8C%80%20%EB%A7%9B%EC%A7%91",crawl
77,덮밥장사장 부산대점,덮밥,"https://map.naver.com/p/search/%EB%B6%80%EC%82%B0%EB%8C%80%20%EB%A7%9B%EC%A7%91/place/1754767387?c=15.00,0,0,0,dh&placePath=/home?entry=bmp&from=map&fromPanelNum=2&timestamp=202508311603&locale=ko&svcName=map_pcv5&searchText=%EB%B6%80%EC%82%B0%EB%8C%80%20%EB%A7%9B%EC%A7%91",crawl
78,혼돈 불고기돈까스&함박스테이크,돈가스,"https://map.naver.com/p/search/%EB%B6%80%EC%82%B0%EB%8C%80%20%EB%A7%9B%EC%A7%91/place/1771240195?c=15.00,0,0,0,dh&placePath=/home?entry=bmp&from=map&fromPanelNum=2&timestamp=202508311603&locale=ko&svcName=map_pcv5&searchText=%EB%B6%80%EC%82%B0%EB%8C%80%20%EB%A7%9B%EC%A7%91",crawl
79,크레딧버거,햄버거,"https://map.naver.com/p/search/%EB%B6%80%EC%82%B0%EB%8C%80%20%EB%A7%9B%EC%A7%91/place/1207321456?c=15.00,0,0,0,dh&placePath=/home?entry=bmp&from=map&fromPanelNum=2&timestamp=202508311604&locale=ko&svcName=map_pcv5&searchText=%EB%B6%80%EC%82%B0%EB%8C%80%20%EB%A7%9B%EC%A7%91",crawl
80,장호가양꼬치 부산대점,양꼬치,"https://map.naver.com/p/search/%EB%B6%80%EC%82%B0%EB%8C%80%20%EB%A7%9B%EC%A7%91/place/1182881500?c=15.00,0,0,0,dh&placePath=/home?entry=bmp&from=map&fromPanelNum=2&timestamp=202508311604&locale=ko&svcName=map_pcv5&searchText=%EB%B6%80%EC%82%B0%EB%8C%80%20%EB%A7%9B%EC%A7%91",crawl
81,진경순 부대꼬마김밥 부산대본점,종합분식,"https://map.naver.com/p/search/%EB%B6%80%EC%82%B0%EB%8C%80%20%EB%A7%9B%EC%A7%91/place/16611898?c=15.00,0,0,0,dh&placePath=/home?entry=bmp&from=map&fromPanelNum=2&timestamp=202508311604&locale=ko&svcName=map_pcv5&searchText=%EB%B6%80%EC%82%B0%EB%8C%80%20%EB%A7%9B%EC%A7%91",crawl
82,미슐당 부산대점,"백반,가정식","https://map.naver.com/p/search/%EB%B6%80%EC%82%B0%EB%8C%80%20%EB%A7%9B%EC%A7%91/place/1201194727?c=15.00,0,0,0,dh&placePath=/home?entry=bmp&from=map&fromPanelNum=2&timestamp=202508311604&locale=ko&svcName=map_pcv5&searchText=%EB%B6%80%EC%82%B0%EB%8C%80%20%EB%A7%9B%EC%A7%91",crawl
83,면식당 부산대점,일식당,"https://map.naver.com/p/search/%EB%B6%80%EC%82%B0%EB%8C%80%20%EB%A7%9B%EC%A7%91/place/1333771681?c=15.00,0,0,0,dh&placePath=/home?entry=bmp&from=map&fromPanelNum=2&timestamp=202508311604&locale=ko&svcName=map_pcv5&searchText=%EB%B6%80%EC%82%B0%EB%8C%80%20%EB%A7%9B%EC%A7%91",crawl
84,대박횟집 부산대점,일식당,"https://map.naver.com/p/search/%EB%B6%80%EC%82%B0%EB%8C%80%20%EB%A7%9B%EC%A7%91/place/1171871182?c=15.00,0,0,0,dh&placePath=/home?entry=bmp&from=map&fromPanelNum=2&timestamp=202508311604&locale=ko&svcName=map_pcv5&searchText=%EB%B6%80%EC%82%B0%EB%8C%80%20%EB%A7%9B%EC%A7%91",crawl
85,송주불냉면 부산대점,냉면,"https://map.naver.com/p/search/%EB%B6%80%EC%82%B0%EB%8C%80%20%EB%A7%9B%EC%A7%91/place/1533774556?c=15.00,0,0,0,dh&placePath=/home?entry=bmp&from=map&fromPanelNum=2&timestamp=202508311604&locale=ko&svcName=map_pcv5&searchText=%EB%B6%80%EC%82%B0%EB%8C%80%20%EB%A7%9B%EC%A7%91",crawl
86,빅대디포장마차 부산대점,포장마차,"https://map.naver.com/p/search/%EB%B6%80%EC%82%B0%EB%8C%80%20%EB%A7%9B%EC%A7%91/place/1527423248?c=15.00,0,0,0,dh&placePath=/home?entry=bmp&from=map&fromPanelNum=2&timestamp=202508311604&locale=ko&svcName=map_pcv5&searchText=%EB%B6%80%EC%82%B0%EB%8C%80%20%EB%A7%9B%EC%A7%91",crawl
87,웍헤이,퓨전음식,"https://map.naver.com/p/search/%EB%B6%80%EC%82%B0%EB%8C%80%20%EB%A7%9B%EC%A7%91/place/1456686050?c=15.00,0,0,0,dh&placePath=/home?entry=bmp&from=map&fromPanelNum=2&timestamp=202508311604&locale=ko&svcName=map_pcv5&searchText=%EB%B6%80%EC%82%B0%EB%8C%80%20%EB%A7%9B%EC%A7%91",crawl
88,TEJE,"카페,디저트","https://map.naver.com/p/search/%EB%B6%80%EC%82%B0%EB%8C%80%20%EB%A7%9B%EC%A7%91/place/509205075?c=15.00,0,0,0,dh&placePath=/home?entry=bmp&from=map&fromPanelNum=2&timestamp=202508311604&locale=ko&svcName=map_pcv5&searchText=%EB%B6%80%EC%82%B0%EB%8C%80%20%EB%A7%9B%EC%A7%91",crawl
89,컬러드,양식,"https://map.naver.com/p/search/%EB%B6%80%EC%82%B0%EB%8C%80%20%EB%A7%9B%EC%A7%91/place/1471783994?c=15.00,0,0,0,dh&placePath=/home?entry=bmp&from=map&fromPanelNum=2&timestamp=202508311604&locale=ko&svcName=map_pcv5&searchText=%EB%B6%80%EC%82%B0%EB%8C%80%20%EB%A7%9B%EC%A7%91",crawl
90,모름지기 부산대점,돼지고기구이,"https://map.naver.com/p/search/%EB%B6%80%EC%82%B0%EB%8C%80%20%EB%A7%9B%EC%A7%91/place/1697785615?c=15.00,0,0,0,dh&placePath=/home?entry=bmp&from=map&fromPanelNum=2&timestamp=202508311605&locale=ko&svcName=map_pcv5&searchText=%EB%B6%80%EC%82%B0%EB%8C%80%20%EB%A7%9B%EC%A7%91",crawl
91,규카츠정 부산대점,일식당,"https://map.naver.com/p/search/%EB%B6%80%EC%82%B0%EB%8C%80%20%EB%A7%9B%EC%A7%91/place/1887437958?c=15.00,0,0,0,dh&placePath=/home?entry=bmp&from=map&fromPanelNum=2&timestamp=202508311605&locale=ko&svcName=map_pcv5&searchText=%EB%B6%80%EC%82%B0%EB%8C%80%20%EB%A7%9B%EC%A7%91",crawl
92,브런치앤디너 테라비 부산대점,브런치카페,"https://map.naver.com/p/search/%EB%B6%80%EC%82%B0%EB%8C%80%20%EB%A7%9B%EC%A7%91/place/1051977722?c=15.00,0,0,0,dh&placePath=/home?entry=bmp&from=map&fromPanelNum=2&timestamp=202508311605&locale=ko&svcName=map_pcv5&searchText=%EB%B6%80%EC%82%B0%EB%8C%80%20%EB%A7%9B%EC%A7%91",crawl
93,등촌샤브칼국수 부산대점,"칼국수,만두","https://map.naver.com/p/search/%EB%B6%80%EC%82%B0%EB%8C%80%20%EB%A7%9B%EC%A7%91/place/1826301428?c=15.00,0,0,0,dh&placePath=/home?entry=bmp&from=map&fromPanelNum=2&timestamp=202508311605&locale=ko&svcName=map_pcv5&searchText=%EB%B6%80%EC%82%B0%EB%8C%80%20%EB%A7%9B%EC%A7%91",crawl
94,스타벅스 부산대역점,카페,"https://map.naver.com/p/search/%EB%B6%80%EC%82%B0%EB%8C%80%20%EB%A7%9B%EC%A7%91/place/33979879?c=15.00,0,0,0,dh&placePath=/home?entry=bmp&from=map&fromPanelNum=2&timestamp=202508311605&locale=ko&svcName=map_pcv5&searchText=%EB%B6%80%EC%82%B0%EB%8C%80%20%EB%A7%9B%EC%A7%91",crawl
95,대성관초밥,"초밥,롤","https://map.naver.com/p/search/%EB%B6%80%EC%82%B0%EB%8C%80%20%EB%A7%9B%EC%A7%91/place/16644607?c=15.00,0,0,0,dh&placePath=/home?entry=bmp&from=map&fromPanelNum=2&timestamp=202508311605&locale=ko&svcName=map_pcv5&searchText=%EB%B6%80%EC%82%B0%EB%8C%80%20%EB%A7%9B%EC%A7%91",crawl
96,부소담 숯불폭립,"육류,고기요리","https://map.naver.com/p/search/%EB%B6%80%EC%82%B0%EB%8C%80%20%EB%A7%9B%EC%A7%91/place/1846683570?c=15.00,0,0,0,dh&placePath=/home?entry=bmp&from=map&fromPanelNum=2&timestamp=202508311605&locale=ko&svcName=map_pcv5&searchText=%EB%B6%80%EC%82%B0%EB%8C%80%20%EB%A7%9B%EC%A7%91",crawl
97,펀치,일본식라면,"https://map.naver.com/p/search/%EB%B6%80%EC%82%B0%EB%8C%80%20%EB%A7%9B%EC%A7%91/place/2074542658?c=15.00,0,0,0,dh&placePath=/home?entry=bmp&from=map&fromPanelNum=2&timestamp=202508311605&locale=ko&svcName=map_pcv5&searchText=%EB%B6%80%EC%82%B0%EB%8C%80%20%EB%A7%9B%EC%A7%91",crawl
98,몽레브,베이커리,"https://map.naver.com/p/search/%EB%B6%80%EC%82%B0%EB%8C%80%20%EB%A7%9B%EC%A7%91/place/32278209?c=15.00,0,0,0,dh&placePath=/home?entry=bmp&from=map&fromPanelNum=2&timestamp=202508311605&locale=ko&svcName=map_pcv5&searchText=%EB%B6%80%EC%82%B0%EB%8C%80%20%EB%A7%9B%EC%A7%91",crawl
99,커피어웨이크,카페,"https://map.naver.com/p/search/%EB%B6%80%EC%82%B0%EB%8C%80%20%EB%A7%9B%EC%A7%91/place/21623817?c=15.00,0,0,0,dh&placePath=/home?entry=bmp&from=map&fromPanelNum=2&timestamp=202508311605&locale=ko&svcName=map_pcv5&searchText=%EB%B6%80%EC%82%B0%EB%8C%80%20%EB%A7%9B%EC%A7%91",crawl
100,컴포즈커피 부산대2호점,카페,"https://map.naver.com/p/search/%EB%B6%80%EC%82%B0%EB%8C%80%20%EB%A7%9B%EC%A7%91/place/38447732?c=15.00,0,0,0,dh&placePath=/home?entry=bmp&from=map&fromPanelNum=2&timestamp=202508311605&locale=ko&svcName=map_pcv5&searchText=%EB%B6%80%EC%82%B0%EB%8C%80%20%EB%A7%9B%EC%A7%91",crawl
101,팔구제면소 온천장점,"칼국수,만두","https://map.naver.com/p/search/%EB%B6%80%EC%82%B0%EB%8C%80%20%EB%A7%9B%EC%A7%91/place/1029468152?c=15.00,0,0,0,dh&placePath=/home?entry=bmp&from=map&fromPanelNum=2&timestamp=202508311606&locale=ko&svcName=map_pcv5&searchText=%EB%B6%80%EC%82%B0%EB%8C%80%20%EB%A7%9B%EC%A7%91",crawl
102,스타벅스 금정구청DT점,카페,"https://map.naver.com/p/search/%EB%B6%80%EC%82%B0%EB%8C%80%20%EB%A7%9B%EC%A7%91/place/1981322277?c=15.00,0,0,0,dh&placePath=/home?entry=bmp&from=map&fromPanelNum=2&timestamp=202508311606&locale=ko&svcName=map_pcv5&searchText=%EB%B6%80%EC%82%B0%EB%8C%80%20%EB%A7%9B%EC%A7%91",crawl
103,쏠트바 부산대점,"카페,디저트","https://map.naver.com/p/search/%EB%B6%80%EC%82%B0%EB%8C%80%20%EB%A7%9B%EC%A7%91/place/1291760686?c=15.00,0,0,0,dh&placePath=/home?entry=bmp&from=map&fromPanelNum=2&timestamp=202508311606&locale=ko&svcName=map_pcv5&searchText=%EB%B6%80%EC%82%B0%EB%8C%80%20%EB%A7%9B%EC%A7%91",crawl
104,파인드 아워 유니버스,"카페,디저트","https://map.naver.com/p/search/%EB%B6%80%EC%82%B0%EB%8C%80%20%EB%A7%9B%EC%A7%91/place/1744971992?c=15.00,0,0,0,dh&placePath=/home?entry=bmp&from=map&fromPanelNum=2&timestamp=202508311606&locale=ko&svcName=map_pcv5&searchText=%EB%B6%80%EC%82%B0%EB%8C%80%20%EB%A7%9B%EC%A7%91",crawl
105,어스베이킹케이크 부산대레터링케이크,케이크전문,"https://map.naver.com/p/search/%EB%B6%80%EC%82%B0%EB%8C%80%20%EB%A7%9B%EC%A7%91/place/1076917657?c=15.00,0,0,0,dh&placePath=/home?entry=bmp&from=map&fromPanelNum=2&timestamp=202508311606&locale=ko&svcName=map_pcv5&searchText=%EB%B6%80%EC%82%B0%EB%8C%80%20%EB%A7%9B%EC%A7%91",crawl
106,심취,요리주점,"https://map.naver.com/p/search/%EB%B6%80%EC%82%B0%EB%8C%80%20%EB%A7%9B%EC%A7%91/place/1498051400?c=15.00,0,0,0,dh&placePath=/home?entry=bmp&from=map&fromPanelNum=2&timestamp=202508311606&locale=ko&svcName=map_pcv5&searchText=%EB%B6%80%EC%82%B0%EB%8C%80%20%EB%A7%9B%EC%A7%91",crawl
107,구디너프,"카페,디저트","https://map.naver.com/p/search/%EB%B6%80%EC%82%B0%EB%8C%80%20%EB%A7%9B%EC%A7%91/place/1250063023?c=15.00,0,0,0,dh&placePath=/home?entry=bmp&from=map&fromPanelNum=2&timestamp=202508311606&locale=ko&svcName=map_pcv5&searchText=%EB%B6%80%EC%82%B0%EB%8C%80%20%EB%A7%9B%EC%A7%91",crawl
108,육수재,국밥,"https://map.naver.com/p/search/%EB%B6%80%EC%82%B0%EB%8C%80%20%EB%A7%9B%EC%A7%91/place/2057260089?c=15.00,0,0,0,dh&placePath=/home?entry=bmp&from=map&fromPanelNum=2&timestamp=202508311606&locale=ko&svcName=map_pcv5&searchText=%EB%B6%80%EC%82%B0%EB%8C%80%20%EB%A7%9B%EC%A7%91",crawl
109,디프런트데이즈 부산대본점,"카페,디저트","https://map.naver.com/p/search/%EB%B6%80%EC%82%B0%EB%8C%80%20%EB%A7%9B%EC%A7%91/place/1778002264?c=15.00,0,0,0,dh&placePath=/home?entry=bmp&from=map&fromPanelNum=2&timestamp=202508311606&locale=ko&svcName=map_pcv5&searchText=%EB%B6%80%EC%82%B0%EB%8C%80%20%EB%A7%9B%EC%A7%91",crawl
110,크라운닭발 부산대본점,요리주점,"https://map.naver.com/p/search/%EB%B6%80%EC%82%B0%EB%8C%80%20%EB%A7%9B%EC%A7%91/place/1921116002?c=15.00,0,0,0,dh&placePath=/home?entry=bmp&from=map&fromPanelNum=2&timestamp=202508311607&locale=ko&svcName=map_pcv5&searchText=%EB%B6%80%EC%82%B0%EB%8C%80%20%EB%A7%9B%EC%A7%91",crawl
111,오투정거장,포장마차,"https://map.naver.com/p/search/%EB%B6%80%EC%82%B0%EB%8C%80%20%EB%A7%9B%EC%A7%91/place/1047572199?c=15.00,0,0,0,dh&placePath=/home?entry=bmp&from=map&fromPanelNum=2&timestamp=202508311607&locale=ko&svcName=map_pcv5&searchText=%EB%B6%80%EC%82%B0%EB%8C%80%20%EB%A7%9B%EC%A7%91",crawl
112,설봉돼지국밥,국밥,"https://map.naver.com/p/search/%EB%B6%80%EC%82%B0%EB%8C%80%20%EB%A7%9B%EC%A7%91/place/34348201?c=15.00,0,0,0,dh&placePath=/home?entry=bmp&from=map&fromPanelNum=2&timestamp=202508311607&locale=ko&svcName=map_pcv5&searchText=%EB%B6%80%EC%82%B0%EB%8C%80%20%EB%A7%9B%EC%A7%91",crawl
113,부산대 카츠안,돈가스,"https://map.naver.com/p/search/%EB%B6%80%EC%82%B0%EB%8C%80%20%EB%A7%9B%EC%A7%91/place/1519408095?c=15.00,0,0,0,dh&placePath=/home?entry=bmp&from=map&fromPanelNum=2&timestamp=202508311607&locale=ko&svcName=map_pcv5&searchText=%EB%B6%80%EC%82%B0%EB%8C%80%20%EB%A7%9B%EC%A7%91",crawl
114,세이지케이크,베이커리,"https://map.naver.com/p/search/%EB%B6%80%EC%82%B0%EB%8C%80%20%EB%A7%9B%EC%A7%91/place/1578740026?c=15.00,0,0,0,dh&placePath=/home?entry=bmp&from=map&fromPanelNum=2&timestamp=202508311607&locale=ko&svcName=map_pcv5&searchText=%EB%B6%80%EC%82%B0%EB%8C%80%20%EB%A7%9B%EC%A7%91",crawl
115,호작,양식,"https://map.naver.com/p/search/%EB%B6%80%EC%82%B0%EB%8C%80%20%EB%A7%9B%EC%A7%91/place/1080884797?c=15.00,0,0,0,dh&placePath=/home?entry=bmp&from=map&fromPanelNum=2&timestamp=202508311607&locale=ko&svcName=map_pcv5&searchText=%EB%B6%80%EC%82%B0%EB%8C%80%20%EB%A7%9B%EC%A7%91",crawl
116,김해원조뒷고기,돼지고기구이,"https://map.naver.com/p/search/%EB%B6%80%EC%82%B0%EB%8C%80%20%EB%A7%9B%EC%A7%91/place/21037618?c=15.00,0,0,0,dh&placePath=/home?entry=bmp&from=map&fromPanelNum=2&timestamp=202508311607&locale=ko&svcName=map_pcv5&searchText=%EB%B6%80%EC%82%B0%EB%8C%80%20%EB%A7%9B%EC%A7%91",crawl
117,디저트39 부산대점,카페,"https://map.naver.com/p/search/%EB%B6%80%EC%82%B0%EB%8C%80%20%EB%A7%9B%EC%A7%91/place/1156204367?c=15.00,0,0,0,dh&placePath=/home?entry=bmp&from=map&fromPanelNum=2&timestamp=202508311607&locale=ko&svcName=map_pcv5&searchText=%EB%B6%80%EC%82%B0%EB%8C%80%20%EB%A7%9B%EC%A7%91",crawl
118,스타벅스 온천장역DT점,카페,"https://map.naver.com/p/search/%EB%B6%80%EC%82%B0%EB%8C%80%20%EB%A7%9B%EC%A7%91/place/1797511761?c=15.00,0,0,0,dh&placePath=/home?entry=bmp&from=map&fromPanelNum=2&timestamp=202508311608&locale=ko&svcName=map_pcv5&searchText=%EB%B6%80%EC%82%B0%EB%8C%80%20%EB%A7%9B%EC%A7%91",crawl
119,버거킹 부산대점,햄버거,"https://map.naver.com/p/search/%EB%B6%80%EC%82%B0%EB%8C%80%20%EB%A7%9B%EC%A7%91/place/1949817011?c=15.00,0,0,0,dh&placePath=/home?entry=bmp&from=map&fromPanelNum=2&timestamp=202508311608&locale=ko&svcName=map_pcv5&searchText=%EB%B6%80%EC%82%B0%EB%8C%80%20%EB%A7%9B%EC%A7%91",crawl
120,낙양,한식,"https://map.naver.com/p/search/%EB%B6%80%EC%82%B0%EB%8C%80%20%EB%A7%9B%EC%A7%91/place/1282767437?c=15.00,0,0,0,dh&placePath=/home?entry=bmp&from=map&fromPanelNum=2&timestamp=202508311608&locale=ko&svcName=map_pcv5&searchText=%EB%B6%80%EC%82%B0%EB%8C%80%20%EB%A7%9B%EC%A7%91",crawl
121,인자한키친,카레,"https://map.naver.com/p/search/%EB%B6%80%EC%82%B0%EB%8C%80%20%EB%A7%9B%EC%A7%91/place/1258975147?c=15.00,0,0,0,dh&placePath=/home?entry=bmp&from=map&fromPanelNum=2&timestamp=202508311608&locale=ko&svcName=map_pcv5&searchText=%EB%B6%80%EC%82%B0%EB%8C%80%20%EB%A7%9B%EC%A7%91",crawl
122,타코노유메,이자카야,"https://map.naver.com/p/search/%EB%B6%80%EC%82%B0%EB%8C%80%20%EB%A7%9B%EC%A7%91/place/1357064977?c=15.00,0,0,0,dh&placePath=/home?entry=bmp&from=map&fromPanelNum=2&timestamp=202508311608&locale=ko&svcName=map_pcv5&searchText=%EB%B6%80%EC%82%B0%EB%8C%80%20%EB%A7%9B%EC%A7%91",crawl
123,두끼 부산대점,분식,"https://map.naver.com/p/search/%EB%B6%80%EC%82%B0%EB%8C%80%20%EB%A7%9B%EC%A7%91/place/1157226533?c=15.00,0,0,0,dh&placePath=/home?entry=bmp&from=map&fromPanelNum=2&timestamp=202508311608&locale=ko&svcName=map_pcv5&searchText=%EB%B6%80%EC%82%B0%EB%8C%80%20%EB%A7%9B%EC%A7%91",crawl
124,공차 부산대점,차,"https://map.naver.com/p/search/%EB%B6%80%EC%82%B0%EB%8C%80%20%EB%A7%9B%EC%A7%91/place/1892128480?c=15.00,0,0,0,dh&placePath=/home?entry=bmp&from=map&fromPanelNum=2&timestamp=202508311608&locale=ko&svcName=map_pcv5&searchText=%EB%B6%80%EC%82%B0%EB%8C%80%20%EB%A7%9B%EC%A7%91",crawl
125,라비앙로즈,양식,"https://map.naver.com/p/search/%EB%B6%80%EC%82%B0%EB%8C%80%20%EB%A7%9B%EC%A7%91/place/1698679029?c=15.00,0,0,0,dh&placePath=/home?entry=bmp&from=map&fromPanelNum=2&timestamp=202508311608&locale=ko&svcName=map_pcv5&searchText=%EB%B6%80%EC%82%B0%EB%8C%80%20%EB%A7%9B%EC%A7%91",crawl
126,정성육회 부산대점,"육류,고기요리","https://map.naver.com/p/search/%EB%B6%80%EC%82%B0%EB%8C%80%20%EB%A7%9B%EC%A7%91/place/1898157579?c=15.00,0,0,0,dh&placePath=/home?entry=bmp&from=map&fromPanelNum=2&timestamp=202508311609&locale=ko&svcName=map_pcv5&searchText=%EB%B6%80%EC%82%B0%EB%8C%80%20%EB%A7%9B%EC%A7%91",crawl
127,삼굽살 부산대점,"육류,고기요리","https://map.naver.com/p/search/%EB%B6%80%EC%82%B0%EB%8C%80%20%EB%A7%9B%EC%A7%91/place/1662413128?c=15.00,0,0,0,dh&placePath=/home?entry=bmp&from=map&fromPanelNum=2&timestamp=202508311609&locale=ko&svcName=map_pcv5&searchText=%EB%B6%80%EC%82%B0%EB%8C%80%20%EB%A7%9B%EC%A7%91",crawl
128,디델리 부산대점,분식,"https://map.naver.com/p/search/%EB%B6%80%EC%82%B0%EB%8C%80%20%EB%A7%9B%EC%A7%91/place/16645668?c=15.00,0,0,0,dh&placePath=/home?entry=bmp&from=map&fromPanelNum=2&timestamp=202508311609&locale=ko&svcName=map_pcv5&searchText=%EB%B6%80%EC%82%B0%EB%8C%80%20%EB%A7%9B%EC%A7%91",crawl
129,청춘삼겹,"육류,고기요리","https://map.naver.com/p/search/%EB%B6%80%EC%82%B0%EB%8C%80%20%EB%A7%9B%EC%A7%91/place/1633121602?c=15.00,0,0,0,dh&placePath=/home?entry=bmp&from=map&fromPanelNum=2&timestamp=202508311609&locale=ko&svcName=map_pcv5&searchText=%EB%B6%80%EC%82%B0%EB%8C%80%20%EB%A7%9B%EC%A7%91",crawl
130,개성상인,"육류,고기요리","https://map.naver.com/p/search/%EB%B6%80%EC%82%B0%EB%8C%80%20%EB%A7%9B%EC%A7%91/place/1119317661?c=15.00,0,0,0,dh&placePath=/home?entry=bmp&from=map&fromPanelNum=2&timestamp=202508311609&locale=ko&svcName=map_pcv5&searchText=%EB%B6%80%EC%82%B0%EB%8C%80%20%EB%A7%9B%EC%A7%91",crawl
131,맥부리또 부산대점,"멕시코,남미음식","https://map.naver.com/p/search/%EB%B6%80%EC%82%B0%EB%8C%80%20%EB%A7%9B%EC%A7%91/place/1282762052?c=15.00,0,0,0,dh&placePath=/home?entry=bmp&from=map&fromPanelNum=2&timestamp=202508311609&locale=ko&svcName=map_pcv5&searchText=%EB%B6%80%EC%82%B0%EB%8C%80%20%EB%A7%9B%EC%A7%91",crawl
132,메가MGC커피 부산부곡점,카페,"https://map.naver.com/p/search/%EB%B6%80%EC%82%B0%EB%8C%80%20%EB%A7%9B%EC%A7%91/place/1849321558?c=15.00,0,0,0,dh&placePath=/home?entry=bmp&from=map&fromPanelNum=2&timestamp=202508311610&locale=ko&svcName=map_pcv5&searchText=%EB%B6%80%EC%82%B0%EB%8C%80%20%EB%A7%9B%EC%A7%91",crawl
133,동대문엽기떡볶이 부산대점,분식,"https://map.naver.com/p/search/%EB%B6%80%EC%82%B0%EB%8C%80%20%EB%A7%9B%EC%A7%91/place/35424598?c=15.00,0,0,0,dh&placePath=/home?entry=bmp&from=map&fromPanelNum=2&timestamp=202508311610&locale=ko&svcName=map_pcv5&searchText=%EB%B6%80%EC%82%B0%EB%8C%80%20%EB%A7%9B%EC%A7%91",crawl
134,치한당 부산대점,요리주점,"https://map.naver.com/p/search/%EB%B6%80%EC%82%B0%EB%8C%80%20%EB%A7%9B%EC%A7%91/place/1980788735?c=15.00,0,0,0,dh&placePath=/home?entry=bmp&from=map&fromPanelNum=2&timestamp=202508311610&locale=ko&svcName=map_pcv5&searchText=%EB%B6%80%EC%82%B0%EB%8C%80%20%EB%A7%9B%EC%A7%91",crawl
135,4242샌드위치 본점,샌드위치,"https://map.naver.com/p/search/%EB%B6%80%EC%82%B0%EB%8C%80%20%EB%A7%9B%EC%A7%91/place/1959871514?c=15.00,0,0,0,dh&placePath=/home?entry=bmp&from=map&fromPanelNum=2&timestamp=202508311610&locale=ko&svcName=map_pcv5&searchText=%EB%B6%80%EC%82%B0%EB%8C%80%20%EB%A7%9B%EC%A7%91",crawl
136,조선대패 부산대점,"육류,고기요리","https://map.naver.com/p/search/%EB%B6%80%EC%82%B0%EB%8C%80%20%EB%A7%9B%EC%A7%91/place/2038673441?c=15.00,0,0,0,dh&placePath=/home?entry=bmp&from=map&fromPanelNum=2&timestamp=202508311610&locale=ko&svcName=map_pcv5&searchText=%EB%B6%80%EC%82%B0%EB%8C%80%20%EB%A7%9B%EC%A7%91",crawl
137,써브웨이 부산부산대점,샌드위치,"https://map.naver.com/p/search/%EB%B6%80%EC%82%B0%EB%8C%80%20%EB%A7%9B%EC%A7%91/place/37130420?c=15.00,0,0,0,dh&placePath=/home?entry=bmp&from=map&fromPanelNum=2&timestamp=202508311610&locale=ko&svcName=map_pcv5&searchText=%EB%B6%80%EC%82%B0%EB%8C%80%20%EB%A7%9B%EC%A7%91",crawl
138,에픽키친,"스테이크,립","https://map.naver.com/p/search/%EB%B6%80%EC%82%B0%EB%8C%80%20%EB%A7%9B%EC%A7%91/place/1219497853?c=15.00,0,0,0,dh&placePath=/home?entry=bmp&from=map&fromPanelNum=2&timestamp=202508311611&locale=ko&svcName=map_pcv5&searchText=%EB%B6%80%EC%82%B0%EB%8C%80%20%EB%A7%9B%EC%A7%91",crawl
139,모시모시 부산대점,"초밥,롤","https://map.naver.com/p/search/%EB%B6%80%EC%82%B0%EB%8C%80%20%EB%A7%9B%EC%A7%91/place/21203707?c=15.00,0,0,0,dh&placePath=/home?entry=bmp&from=map&fromPanelNum=2&timestamp=202508311611&locale=ko&svcName=map_pcv5&searchText=%EB%B6%80%EC%82%B0%EB%8C%80%20%EB%A7%9B%EC%A7%91",crawl
140,부산대 비비드드림 본점,"스파게티,파스타전문","https://map.naver.com/p/search/%EB%B6%80%EC%82%B0%EB%8C%80%20%EB%A7%9B%EC%A7%91/place/33535201?c=15.00,0,0,0,dh&placePath=/home?entry=bmp&from=map&fromPanelNum=2&timestamp=202508311611&locale=ko&svcName=map_pcv5&searchText=%EB%B6%80%EC%82%B0%EB%8C%80%20%EB%A7%9B%EC%A7%91",crawl
141,만석꾼풍천산삼민물장어,"장어,먹장어요리","https://map.naver.com/p/search/%EB%B6%80%EC%82%B0%EB%8C%80%20%EB%A7%9B%EC%A7%91/place/1395310698?c=15.00,0,0,0,dh&placePath=/home?entry=bmp&from=map&fromPanelNum=2&timestamp=202508311611&locale=ko&svcName=map_pcv5&searchText=%EB%B6%80%EC%82%B0%EB%8C%80%20%EB%A7%9B%EC%A7%91",crawl
142,일송면옥 부산대본점,돼지고기구이,"https://map.naver.com/p/search/%EB%B6%80%EC%82%B0%EB%8C%80%20%EB%A7%9B%EC%A7%91/place/13573634?c=15.00,0,0,0,dh&placePath=/home?entry=bmp&from=map&fromPanelNum=2&timestamp=202508311612&locale=ko&svcName=map_pcv5&searchText=%EB%B6%80%EC%82%B0%EB%8C%80%20%EB%A7%9B%EC%A7%91",crawl
143,보리종파티세리 본점,베이커리,"https://map.naver.com/p/search/%EB%B6%80%EC%82%B0%EB%8C%80%20%EB%A7%9B%EC%A7%91/place/1083410076?c=15.00,0,0,0,dh&placePath=/home?entry=bmp&from=map&fromPanelNum=2&timestamp=202508311612&locale=ko&svcName=map_pcv5&searchText=%EB%B6%80%EC%82%B0%EB%8C%80%20%EB%A7%9B%EC%A7%91",crawl
144,한날한시,요리주점,"https://map.naver.com/p/search/%EB%B6%80%EC%82%B0%EB%8C%80%20%EB%A7%9B%EC%A7%91/place/2072273848?c=15.00,0,0,0,dh&placePath=/home?entry=bmp&from=map&fromPanelNum=2&timestamp=202508311612&locale=ko&svcName=map_pcv5&searchText=%EB%B6%80%EC%82%B0%EB%8C%80%20%EB%A7%9B%EC%A7%91",crawl
145,스시심,"초밥,롤","https://map.naver.com/p/search/%EB%B6%80%EC%82%B0%EB%8C%80%20%EB%A7%9B%EC%A7%91/place/33061157?c=15.00,0,0,0,dh&placePath=/home?entry=bmp&from=map&fromPanelNum=2&timestamp=202508311612&locale=ko&svcName=map_pcv5&searchText=%EB%B6%80%EC%82%B0%EB%8C%80%20%EB%A7%9B%EC%A7%91",crawl
146,현풍닭칼국수 부산대점,"칼국수,만두","https://map.naver.com/p/search/%EB%B6%80%EC%82%B0%EB%8C%80%20%EB%A7%9B%EC%A7%91/place/1412051929?c=15.00,0,0,0,dh&placePath=/home?entry=bmp&from=map&fromPanelNum=2&timestamp=202508311612&locale=ko&svcName=map_pcv5&searchText=%EB%B6%80%EC%82%B0%EB%8C%80%20%EB%A7%9B%EC%A7%91",crawl
147,백마돼지갈비,"육류,고기요리","https://map.naver.com/p/search/%EB%B6%80%EC%82%B0%EB%8C%80%20%EB%A7%9B%EC%A7%91/place/1231170901?c=15.00,0,0,0,dh&placePath=/home?entry=bmp&from=map&fromPanelNum=2&timestamp=202508311613&locale=ko&svcName=map_pcv5&searchText=%EB%B6%80%EC%82%B0%EB%8C%80%20%EB%A7%9B%EC%A7%91",crawl
148,백양숯불갈비 부산대점,"육류,고기요리","https://map.naver.com/p/search/%EB%B6%80%EC%82%B0%EB%8C%80%20%EB%A7%9B%EC%A7%91/place/2019956249?c=15.00,0,0,0,dh&placePath=/home?entry=bmp&from=map&fromPanelNum=2&timestamp=202508311613&locale=ko&svcName=map_pcv5&searchText=%EB%B6%80%EC%82%B0%EB%8C%80%20%EB%A7%9B%EC%A7%91",crawl
149,할리데이 온 시티,"카페,디저트","https://map.naver.com/p/search/%EB%B6%80%EC%82%B0%EB%8C%80%20%EB%A7%9B%EC%A7%91/place/1452922407?c=15.00,0,0,0,dh&placePath=/home?entry=bmp&from=map&fromPanelNum=2&timestamp=202508311613&locale=ko&svcName=map_pcv5&searchText=%EB%B6%80%EC%82%B0%EB%8C%80%20%EB%A7%9B%EC%A7%91",crawl
150,소다미김밥,종합분식,"https://map.naver.com/p/search/%EB%B6%80%EC%82%B0%EB%8C%80%20%EB%A7%9B%EC%A7%91/place/37980760?c=15.00,0,0,0,dh&placePath=/home?entry=bmp&from=map&fromPanelNum=2&timestamp=202508311613&locale=ko&svcName=map_pcv5&searchText=%EB%B6%80%EC%82%B0%EB%8C%80%20%EB%A7%9B%EC%A7%91",crawl
151,팝콘도시 부산대점,요리주점,"https://map.naver.com/p/search/%EB%B6%80%EC%82%B0%EB%8C%80%20%EB%A7%9B%EC%A7%91/place/1740202987?c=15.00,0,0,0,dh&placePath=/home?entry=bmp&from=map&fromPanelNum=2&timestamp=202508311613&locale=ko&svcName=map_pcv5&searchText=%EB%B6%80%EC%82%B0%EB%8C%80%20%EB%A7%9B%EC%A7%91",crawl
152,우리집,요리주점,"https://map.naver.com/p/search/%EB%B6%80%EC%82%B0%EB%8C%80%20%EB%A7%9B%EC%A7%91/place/1775349945?c=15.00,0,0,0,dh&placePath=/home?entry=bmp&from=map&fromPanelNum=2&timestamp=202508311614&locale=ko&svcName=map_pcv5&searchText=%EB%B6%80%EC%82%B0%EB%8C%80%20%EB%A7%9B%EC%A7%91",crawl
153,연화리,생선회,"https://map.naver.com/p/search/%EB%B6%80%EC%82%B0%EB%8C%80%20%EB%A7%9B%EC%A7%91/place/1192460950?c=15.00,0,0,0,dh&placePath=/home?entry=bmp&from=map&fromPanelNum=2&timestamp=202508311614&locale=ko&svcName=map_pcv5&searchText=%EB%B6%80%EC%82%B0%EB%8C%80%20%EB%A7%9B%EC%A7%91",crawl
154,칠칠켄터키 부산대본점,"치킨,닭강정","https://map.naver.com/p/search/%EB%B6%80%EC%82%B0%EB%8C%80%20%EB%A7%9B%EC%A7%91/place/21905151?c=15.00,0,0,0,dh&placePath=/home?entry=bmp&from=map&fromPanelNum=2&timestamp=202508311614&locale=ko&svcName=map_pcv5&searchText=%EB%B6%80%EC%82%B0%EB%8C%80%20%EB%A7%9B%EC%A7%91",crawl
155,알바 카페,"카페,디저트","https://map.naver.com/p/search/%EB%B6%80%EC%82%B0%EB%8C%80%20%EB%A7%9B%EC%A7%91/place/1153657659?c=15.00,0,0,0,dh&placePath=/home?entry=bmp&from=map&fromPanelNum=2&timestamp=202508311614&locale=ko&svcName=map_pcv5&searchText=%EB%B6%80%EC%82%B0%EB%8C%80%20%EB%A7%9B%EC%A7%91",crawl
156,박기모조방낙지,낙지요리,"https://map.naver.com/p/search/%EB%B6%80%EC%82%B0%EB%8C%80%20%EB%A7%9B%EC%A7%91/place/12997521?c=15.00,0,0,0,dh&placePath=/home?entry=bmp&from=map&fromPanelNum=2&timestamp=202508311614&locale=ko&svcName=map_pcv5&searchText=%EB%B6%80%EC%82%B0%EB%8C%80%20%EB%A7%9B%EC%A7%91",crawl
157,숙성화로,한식,"https://map.naver.com/p/search/%EB%B6%80%EC%82%B0%EB%8C%80%20%EB%A7%9B%EC%A7%91/place/1872982894?c=15.00,0,0,0,dh&placePath=/home?entry=bmp&from=map&fromPanelNum=2&timestamp=202508311615&locale=ko&svcName=map_pcv5&searchText=%EB%B6%80%EC%82%B0%EB%8C%80%20%EB%A7%9B%EC%A7%91",crawl
158,온결,"곰탕,설렁탕","https://map.naver.com/p/search/%EB%B6%80%EC%82%B0%EB%8C%80%20%EB%A7%9B%EC%A7%91/place/2024938809?c=15.00,0,0,0,dh&placePath=/home?entry=bmp&from=map&fromPanelNum=2&timestamp=202508311615&locale=ko&svcName=map_pcv5&searchText=%EB%B6%80%EC%82%B0%EB%8C%80%20%EB%A7%9B%EC%A7%91",crawl
159,로운 샤브샤브 NC부산대점,샤브샤브,"https://map.naver.com/p/search/%EB%B6%80%EC%82%B0%EB%8C%80%20%EB%A7%9B%EC%A7%91/place/1916514301?c=15.00,0,0,0,dh&placePath=/home?entry=bmp&from=map&fromPanelNum=2&timestamp=202508311615&locale=ko&svcName=map_pcv5&searchText=%EB%B6%80%EC%82%B0%EB%8C%80%20%EB%A7%9B%EC%A7%91",crawl
160,청해루,중식당,"https://map.naver.com/p/search/%EB%B6%80%EC%82%B0%EB%8C%80%20%EB%A7%9B%EC%A7%91/place/16634814?c=15.00,0,0,0,dh&placePath=/home?entry=bmp&from=map&fromPanelNum=2&timestamp=202508311615&locale=ko&svcName=map_pcv5&searchText=%EB%B6%80%EC%82%B0%EB%8C%80%20%EB%A7%9B%EC%A7%91",crawl
161,돈까스겸,돈가스,"https://map.naver.com/p/search/%EB%B6%80%EC%82%B0%EB%8C%80%20%EB%A7%9B%EC%A7%91/place/16614184?c=15.00,0,0,0,dh&placePath=/home?entry=bmp&from=map&fromPanelNum=2&timestamp=202508311616&locale=ko&svcName=map_pcv5&searchText=%EB%B6%80%EC%82%B0%EB%8C%80%20%EB%A7%9B%EC%A7%91",crawl
162,써브웨이 장전역점,샌드위치,"https://map.naver.com/p/search/%EB%B6%80%EC%82%B0%EB%8C%80%20%EB%A7%9B%EC%A7%91/place/477214155?c=15.00,0,0,0,dh&placePath=/home?entry=bmp&from=map&fromPanelNum=2&timestamp=202508311616&locale=ko&svcName=map_pcv5&searchText=%EB%B6%80%EC%82%B0%EB%8C%80%20%EB%A7%9B%EC%A7%91",crawl
163,카페드팽,카페,"https://map.naver.com/p/search/%EB%B6%80%EC%82%B0%EB%8C%80%20%EB%A7%9B%EC%A7%91/place/32625830?c=15.00,0,0,0,dh&placePath=/home?entry=bmp&from=map&fromPanelNum=2&timestamp=202508311616&locale=ko&svcName=map_pcv5&searchText=%EB%B6%80%EC%82%B0%EB%8C%80%20%EB%A7%9B%EC%A7%91",crawl
164,이츠키,이자카야,"https://map.naver.com/p/search/%EB%B6%80%EC%82%B0%EB%8C%80%20%EB%A7%9B%EC%A7%91/place/1295424954?c=15.00,0,0,0,dh&placePath=/home?entry=bmp&from=map&fromPanelNum=2&timestamp=202508311616&locale=ko&svcName=map_pcv5&searchText=%EB%B6%80%EC%82%B0%EB%8C%80%20%EB%A7%9B%EC%A7%91",crawl
165,나오리쇼쿠 부산대점,일식당,"https://map.naver.com/p/search/%EB%B6%80%EC%82%B0%EB%8C%80%20%EB%A7%9B%EC%A7%91/place/1071385723?c=15.00,0,0,0,dh&placePath=/home?entry=bmp&from=map&fromPanelNum=2&timestamp=202508311617&locale=ko&svcName=map_pcv5&searchText=%EB%B6%80%EC%82%B0%EB%8C%80%20%EB%A7%9B%EC%A7%91",crawl
166,쿠카이야,"우동,소바","https://map.naver.com/p/search/%EB%B6%80%EC%82%B0%EB%8C%80%20%EB%A7%9B%EC%A7%91/place/38235864?c=15.00,0,0,0,dh&placePath=/home?entry=bmp&from=map&fromPanelNum=2&timestamp=202508311617&locale=ko&svcName=map_pcv5&searchText=%EB%B6%80%EC%82%B0%EB%8C%80%20%EB%A7%9B%EC%A7%91",crawl
167,삼세랑,한식,"https://map.naver.com/p/search/%EB%B6%80%EC%82%B0%EB%8C%80%20%EB%A7%9B%EC%A7%91/place/37162073?c=15.00,0,0,0,dh&placePath=/home?entry=bmp&from=map&fromPanelNum=2&timestamp=202508311617&locale=ko&svcName=map_pcv5&searchText=%EB%B6%80%EC%82%B0%EB%8C%80%20%EB%A7%9B%EC%A7%91",crawl
168,박가부대 부산대점,"찌개,전골","https://map.naver.com/p/search/%EB%B6%80%EC%82%B0%EB%8C%80%20%EB%A7%9B%EC%A7%91/place/36957644?c=15.00,0,0,0,dh&placePath=/home?entry=bmp&from=map&fromPanelNum=2&timestamp=202508311617&locale=ko&svcName=map_pcv5&searchText=%EB%B6%80%EC%82%B0%EB%8C%80%20%EB%A7%9B%EC%A7%91",crawl
169,하나요이,요리주점,"https://map.naver.com/p/search/%EB%B6%80%EC%82%B0%EB%8C%80%20%EB%A7%9B%EC%A7%91/place/1252790310?c=15.00,0,0,0,dh&placePath=/home?entry=bmp&from=map&fromPanelNum=2&timestamp=202508311618&locale=ko&svcName=map_pcv5&searchText=%EB%B6%80%EC%82%B0%EB%8C%80%20%EB%A7%9B%EC%A7%91",crawl
170,쉐 기욤,프랑스음식,"https://map.naver.com/p/search/%EB%B6%80%EC%82%B0%EB%8C%80%20%EB%A7%9B%EC%A7%91/place/31119775?c=15.00,0,0,0,dh&placePath=/home?entry=bmp&from=map&fromPanelNum=2&timestamp=202508311618&locale=ko&svcName=map_pcv5&searchText=%EB%B6%80%EC%82%B0%EB%8C%80%20%EB%A7%9B%EC%A7%91",crawl
171,벽제령,"육류,고기요리","https://map.naver.com/p/search/%EB%B6%80%EC%82%B0%EB%8C%80%20%EB%A7%9B%EC%A7%91/place/38549218?c=15.00,0,0,0,dh&placePath=/home?entry=bmp&from=map&fromPanelNum=2&timestamp=202508311618&locale=ko&svcName=map_pcv5&searchText=%EB%B6%80%EC%82%B0%EB%8C%80%20%EB%A7%9B%EC%A7%91",crawl
172,시골통돼지볶음 부산대점,"찌개,전골","https://map.naver.com/p/search/%EB%B6%80%EC%82%B0%EB%8C%80%20%EB%A7%9B%EC%A7%91/place/1699167347?c=15.00,0,0,0,dh&placePath=/home?entry=bmp&from=map&fromPanelNum=2&timestamp=202508311618&locale=ko&svcName=map_pcv5&searchText=%EB%B6%80%EC%82%B0%EB%8C%80%20%EB%A7%9B%EC%A7%91",crawl
173,니노마에,일식당,"https://map.naver.com/p/search/%EB%B6%80%EC%82%B0%EB%8C%80%20%EB%A7%9B%EC%A7%91/place/2070787692?c=15.00,0,0,0,dh&placePath=/home?entry=bmp&from=map&fromPanelNum=2&timestamp=202508311619&locale=ko&svcName=map_pcv5&searchText=%EB%B6%80%EC%82%B0%EB%8C%80%20%EB%A7%9B%EC%A7%91",crawl
174,라화공방 부산대점 (26호점),중식당,"https://map.naver.com/p/search/%EB%B6%80%EC%82%B0%EB%8C%80%20%EB%A7%9B%EC%A7%91/place/1181157097?c=15.00,0,0,0,dh&placePath=/home?entry=bmp&from=map&fromPanelNum=2&timestamp=202508311619&locale=ko&svcName=map_pcv5&searchText=%EB%B6%80%EC%82%B0%EB%8C%80%20%EB%A7%9B%EC%A7%91",crawl
175,행복한상,"백반,가정식","https://map.naver.com/p/search/%EB%B6%80%EC%82%B0%EB%8C%80%20%EB%A7%9B%EC%A7%91/place/1291177879?c=15.00,0,0,0,dh&placePath=/home?entry=bmp&from=map&fromPanelNum=2&timestamp=202508311619&locale=ko&svcName=map_pcv5&searchText=%EB%B6%80%EC%82%B0%EB%8C%80%20%EB%A7%9B%EC%A7%91",crawl
176,피나치공 부산대점,피자,"https://map.naver.com/p/search/%EB%B6%80%EC%82%B0%EB%8C%80%20%EB%A7%9B%EC%A7%91/place/33217641?c=15.00,0,0,0,dh&placePath=/home?entry=bmp&from=map&fromPanelNum=2&timestamp=202508311619&locale=ko&svcName=map_pcv5&searchText=%EB%B6%80%EC%82%B0%EB%8C%80%20%EB%A7%9B%EC%A7%91",crawl
177,부산대 매일꽃돈,"육류,고기요리","https://map.naver.com/p/search/%EB%B6%80%EC%82%B0%EB%8C%80%20%EB%A7%9B%EC%A7%91/place/1233754447?c=15.00,0,0,0,dh&placePath=/home?entry=bmp&from=map&fromPanelNum=2&timestamp=202508311620&locale=ko&svcName=map_pcv5&searchText=%EB%B6%80%EC%82%B0%EB%8C%80%20%EB%A7%9B%EC%A7%91",crawl
178,티니248 부산대 직영점,태국음식,"https://map.naver.com/p/search/%EB%B6%80%EC%82%B0%EB%8C%80%20%EB%A7%9B%EC%A7%91/place/1780878256?c=15.00,0,0,0,dh&placePath=/home?entry=bmp&from=map&fromPanelNum=2&timestamp=202508311620&locale=ko&svcName=map_pcv5&searchText=%EB%B6%80%EC%82%B0%EB%8C%80%20%EB%A7%9B%EC%A7%91",crawl
179,촨촨향 양꼬치,양꼬치,"https://map.naver.com/p/search/%EB%B6%80%EC%82%B0%EB%8C%80%20%EB%A7%9B%EC%A7%91/place/1701218285?c=15.00,0,0,0,dh&placePath=/home?entry=bmp&from=map&fromPanelNum=2&timestamp=202508311620&locale=ko&svcName=map_pcv5&searchText=%EB%B6%80%EC%82%B0%EB%8C%80%20%EB%A7%9B%EC%A7%91",crawl
180,스몰굿커피 부산대점,"카페,디저트","https://map.naver.com/p/search/%EB%B6%80%EC%82%B0%EB%8C%80%20%EB%A7%9B%EC%A7%91/place/1059923227?c=15.00,0,0,0,dh&placePath=/home?entry=bmp&from=map&fromPanelNum=2&timestamp=202508311620&locale=ko&svcName=map_pcv5&searchText=%EB%B6%80%EC%82%B0%EB%8C%80%20%EB%A7%9B%EC%A7%91",crawl
181,코코브라운,패밀리레스토랑,"https://map.naver.com/p/search/%EB%B6%80%EC%82%B0%EB%8C%80%20%EB%A7%9B%EC%A7%91/place/36379350?c=15.00,0,0,0,dh&placePath=/home?entry=bmp&from=map&fromPanelNum=2&timestamp=202508311621&locale=ko&svcName=map_pcv5&searchText=%EB%B6%80%EC%82%B0%EB%8C%80%20%EB%A7%9B%EC%A7%91",crawl
182,리틀프랑 본점,이탈리아음식,"https://map.naver.com/p/search/%EB%B6%80%EC%82%B0%EB%8C%80%20%EB%A7%9B%EC%A7%91/place/19641866?c=15.00,0,0,0,dh&placePath=/home?entry=bmp&from=map&fromPanelNum=2&timestamp=202508311621&locale=ko&svcName=map_pcv5&searchText=%EB%B6%80%EC%82%B0%EB%8C%80%20%EB%A7%9B%EC%A7%91",crawl
183,든든김밥&분식,종합분식,"https://map.naver.com/p/search/%EB%B6%80%EC%82%B0%EB%8C%80%20%EB%A7%9B%EC%A7%91/place/1311065139?c=15.00,0,0,0,dh&placePath=/home?entry=bmp&from=map&fromPanelNum=2&timestamp=202508311621&locale=ko&svcName=map_pcv5&searchText=%EB%B6%80%EC%82%B0%EB%8C%80%20%EB%A7%9B%EC%A7%91",crawl
184,보글보글국밥,국밥,"https://map.naver.com/p/search/%EB%B6%80%EC%82%B0%EB%8C%80%20%EB%A7%9B%EC%A7%91/place/38275515?c=15.00,0,0,0,dh&placePath=/home?entry=bmp&from=map&fromPanelNum=2&timestamp=202508311621&locale=ko&svcName=map_pcv5&searchText=%EB%B6%80%EC%82%B0%EB%8C%80%20%EB%A7%9B%EC%A7%91",crawl
185,솔밭집,한식,"https://map.naver.com/p/search/%EB%B6%80%EC%82%B0%EB%8C%80%20%EB%A7%9B%EC%A7%91/place/31160906?c=15.00,0,0,0,dh&placePath=/home?entry=bmp&from=map&fromPanelNum=2&timestamp=202508311622&locale=ko&svcName=map_pcv5&searchText=%EB%B6%80%EC%82%B0%EB%8C%80%20%EB%A7%9B%EC%A7%91",crawl
186,스스키노 부산대점,카레,"https://map.naver.com/p/search/%EB%B6%80%EC%82%B0%EB%8C%80%20%EB%A7%9B%EC%A7%91/place/1565755684?c=15.00,0,0,0,dh&placePath=/home?entry=bmp&from=map&fromPanelNum=2&timestamp=202508311622&locale=ko&svcName=map_pcv5&searchText=%EB%B6%80%EC%82%B0%EB%8C%80%20%EB%A7%9B%EC%A7%91",crawl
187,앵그리웍 부산본점,중식당,"https://map.naver.com/p/search/%EB%B6%80%EC%82%B0%EB%8C%80%20%EB%A7%9B%EC%A7%91/place/1572532378?c=15.00,0,0,0,dh&placePath=/home?entry=bmp&from=map&fromPanelNum=2&timestamp=202508311622&locale=ko&svcName=map_pcv5&searchText=%EB%B6%80%EC%82%B0%EB%8C%80%20%EB%A7%9B%EC%A7%91",crawl
188,춘리마라탕 부산대점,마라탕,"https://map.naver.com/p/search/%EB%B6%80%EC%82%B0%EB%8C%80%20%EB%A7%9B%EC%A7%91/place/1598417257?c=15.00,0,0,0,dh&placePath=/home?entry=bmp&from=map&fromPanelNum=2&timestamp=202508311623&locale=ko&svcName=map_pcv5&searchText=%EB%B6%80%EC%82%B0%EB%8C%80%20%EB%A7%9B%EC%A7%91",crawl
189,알통떡강정 부산장전점,"치킨,닭강정","https://map.naver.com/p/search/%EB%B6%80%EC%82%B0%EB%8C%80%20%EB%A7%9B%EC%A7%91/place/1980088775?c=15.00,0,0,0,dh&placePath=/home?entry=bmp&from=map&fromPanelNum=2&timestamp=202508311623&locale=ko&svcName=map_pcv5&searchText=%EB%B6%80%EC%82%B0%EB%8C%80%20%EB%A7%9B%EC%A7%91",crawl
190,로베오네,"카페,디저트","https://map.naver.com/p/search/%EB%B6%80%EC%82%B0%EB%8C%80%20%EB%A7%9B%EC%A7%91/place/1303594267?c=15.00,0,0,0,dh&placePath=/home?entry=bmp&from=map&fromPanelNum=2&timestamp=202508311623&locale=ko&svcName=map_pcv5&searchText=%EB%B6%80%EC%82%B0%EB%8C%80%20%EB%A7%9B%EC%A7%91",crawl
191,긴자료코 부산대점,돈가스,"https://map.naver.com/p/search/%EB%B6%80%EC%82%B0%EB%8C%80%20%EB%A7%9B%EC%A7%91/place/1212527360?c=15.00,0,0,0,dh&placePath=/home?entry=bmp&from=map&fromPanelNum=2&timestamp=202508311623&locale=ko&svcName=map_pcv5&searchText=%EB%B6%80%EC%82%B0%EB%8C%80%20%EB%A7%9B%EC%A7%91",crawl
192,파리바게뜨 부산대,베이커리,"https://map.naver.com/p/search/%EB%B6%80%EC%82%B0%EB%8C%80%20%EB%A7%9B%EC%A7%91/place/16891892?c=15.00,0,0,0,dh&placePath=/home?entry=bmp&from=map&fromPanelNum=2&timestamp=202508311624&locale=ko&svcName=map_pcv5&searchText=%EB%B6%80%EC%82%B0%EB%8C%80%20%EB%A7%9B%EC%A7%91",crawl
193,어벤더치 부산대본점,카페,"https://map.naver.com/p/search/%EB%B6%80%EC%82%B0%EB%8C%80%20%EB%A7%9B%EC%A7%91/place/37562429?c=15.00,0,0,0,dh&placePath=/home?entry=bmp&from=map&fromPanelNum=2&timestamp=202508311624&locale=ko&svcName=map_pcv5&searchText=%EB%B6%80%EC%82%B0%EB%8C%80%20%EB%A7%9B%EC%A7%91",crawl
194,상생라멘 부산대점,일식당,"https://map.naver.com/p/search/%EB%B6%80%EC%82%B0%EB%8C%80%20%EB%A7%9B%EC%A7%91/place/1380886090?c=15.00,0,0,0,dh&placePath=/home?entry=bmp&from=map&fromPanelNum=2&timestamp=202508311624&locale=ko&svcName=map_pcv5&searchText=%EB%B6%80%EC%82%B0%EB%8C%80%20%EB%A7%9B%EC%A7%91",crawl
195,조선칼국수와통막걸리 부산대점,"전통,민속주점","https://map.naver.com/p/search/%EB%B6%80%EC%82%B0%EB%8C%80%20%EB%A7%9B%EC%A7%91/place/37977340?c=15.00,0,0,0,dh&placePath=/home?entry=bmp&from=map&fromPanelNum=2&timestamp=202508311624&locale=ko&svcName=map_pcv5&searchText=%EB%B6%80%EC%82%B0%EB%8C%80%20%EB%A7%9B%EC%A7%91",crawl
196,카페 그라운드,"카페,디저트","https://map.naver.com/p/search/%EB%B6%80%EC%82%B0%EB%8C%80%20%EB%A7%9B%EC%A7%91/place/1946830193?c=15.00,0,0,0,dh&placePath=/home?entry=bmp&from=map&fromPanelNum=2&timestamp=202508311625&locale=ko&svcName=map_pcv5&searchText=%EB%B6%80%EC%82%B0%EB%8C%80%20%EB%A7%9B%EC%A7%91",crawl
197,역전할머니맥주 부산대점,"맥주,호프","https://map.naver.com/p/search/%EB%B6%80%EC%82%B0%EB%8C%80%20%EB%A7%9B%EC%A7%91/place/1238642782?c=15.00,0,0,0,dh&placePath=/home?entry=bmp&from=map&fromPanelNum=2&timestamp=202508311625&locale=ko&svcName=map_pcv5&searchText=%EB%B6%80%EC%82%B0%EB%8C%80%20%EB%A7%9B%EC%A7%91",crawl
198,서울깍두기 본점,"곰탕,설렁탕","https://map.naver.com/p/search/%EB%B6%80%EC%82%B0%EB%8C%80%20%EB%A7%9B%EC%A7%91/place/11600053?c=15.00,0,0,0,dh&placePath=/home?entry=bmp&from=map&fromPanelNum=2&timestamp=202508311625&locale=ko&svcName=map_pcv5&searchText=%EB%B6%80%EC%82%B0%EB%8C%80%20%EB%A7%9B%EC%A7%91",crawl
199,브런치가든숲,브런치,"https://map.naver.com/p/search/%EB%B6%80%EC%82%B0%EB%8C%80%20%EB%A7%9B%EC%A7%91/place/1188019288?c=15.00,0,0,0,dh&placePath=/home?entry=bmp&from=map&fromPanelNum=2&timestamp=202508311626&locale=ko&svcName=map_pcv5&searchText=%EB%B6%80%EC%82%B0%EB%8C%80%20%EB%A7%9B%EC%A7%91",crawl
200,고성횟집,생선회,"https://map.naver.com/p/search/%EB%B6%80%EC%82%B0%EB%8C%80%20%EB%A7%9B%EC%A7%91/place/16896228?c=15.00,0,0,0,dh&placePath=/home?entry=bmp&from=map&fromPanelNum=2&timestamp=202508311626&locale=ko&svcName=map_pcv5&searchText=%EB%B6%80%EC%82%B0%EB%8C%80%20%EB%A7%9B%EC%A7%91",crawl
201,제주대패랑 옛날갈비 부산대점,한식,"https://map.naver.com/p/search/%EB%B6%80%EC%82%B0%EB%8C%80%20%EB%A7%9B%EC%A7%91/place/1710041827?c=15.00,0,0,0,dh&placePath=/home?entry=bmp&from=map&fromPanelNum=2&timestamp=202508311626&locale=ko&svcName=map_pcv5&searchText=%EB%B6%80%EC%82%B0%EB%8C%80%20%EB%A7%9B%EC%A7%91",crawl
202,미분당 부산대점,베트남음식,"https://map.naver.com/p/search/%EB%B6%80%EC%82%B0%EB%8C%80%20%EB%A7%9B%EC%A7%91/place/1505394640?c=15.00,0,0,0,dh&placePath=/home?entry=bmp&from=map&fromPanelNum=2&timestamp=202508311626&locale=ko&svcName=map_pcv5&searchText=%EB%B6%80%EC%82%B0%EB%8C%80%20%EB%A7%9B%EC%A7%91",crawl
203,샤브향 부산대점,샤브샤브,"https://map.naver.com/p/search/%EB%B6%80%EC%82%B0%EB%8C%80%20%EB%A7%9B%EC%A7%91/place/37160739?c=15.00,0,0,0,dh&placePath=/home?entry=bmp&from=map&fromPanelNum=2&timestamp=202508311627&locale=ko&svcName=map_pcv5&searchText=%EB%B6%80%EC%82%B0%EB%8C%80%20%EB%A7%9B%EC%A7%91",crawl
204,Poke all day 포케&샐러드 부산대점,"다이어트,샐러드","https://map.naver.com/p/search/%EB%B6%80%EC%82%B0%EB%8C%80%20%EB%A7%9B%EC%A7%91/place/1293067837?c=15.00,0,0,0,dh&placePath=/home?entry=bmp&from=map&fromPanelNum=2&timestamp=202508311627&locale=ko&svcName=map_pcv5&searchText=%EB%B6%80%EC%82%B0%EB%8C%80%20%EB%A7%9B%EC%A7%91",crawl
205,이가족발,"족발,보쌈","https://map.naver.com/p/search/%EB%B6%80%EC%82%B0%EB%8C%80%20%EB%A7%9B%EC%A7%91/place/1901007968?c=15.00,0,0,0,dh&placePath=/home?entry=bmp&from=map&fromPanelNum=2&timestamp=202508311627&locale=ko&svcName=map_pcv5&searchText=%EB%B6%80%EC%82%B0%EB%8C%80%20%EB%A7%9B%EC%A7%91",crawl
206,살아있네문어,"해물,생선요리","https://map.naver.com/p/search/%EB%B6%80%EC%82%B0%EB%8C%80%20%EB%A7%9B%EC%A7%91/place/1979796882?c=15.00,0,0,0,dh&placePath=/home?entry=bmp&from=map&fromPanelNum=2&timestamp=202508311628&locale=ko&svcName=map_pcv5&searchText=%EB%B6%80%EC%82%B0%EB%8C%80%20%EB%A7%9B%EC%A7%91",crawl
207,안다미로 부산대본점,일식당,"https://map.naver.com/p/search/%EB%B6%80%EC%82%B0%EB%8C%80%20%EB%A7%9B%EC%A7%91/place/21618550?c=15.00,0,0,0,dh&placePath=/home?entry=bmp&from=map&fromPanelNum=2&timestamp=202508311628&locale=ko&svcName=map_pcv5&searchText=%EB%B6%80%EC%82%B0%EB%8C%80%20%EB%A7%9B%EC%A7%91",crawl
208,족발신선생 부산대점,"족발,보쌈","https://map.naver.com/p/search/%EB%B6%80%EC%82%B0%EB%8C%80%20%EB%A7%9B%EC%A7%91/place/1703248265?c=15.00,0,0,0,dh&placePath=/home?entry=bmp&from=map&fromPanelNum=2&timestamp=202508311628&locale=ko&svcName=map_pcv5&searchText=%EB%B6%80%EC%82%B0%EB%8C%80%20%EB%A7%9B%EC%A7%91",crawl
209,철마뒷고기 온천2호점,소고기구이,"https://map.naver.com/p/search/%EB%B6%80%EC%82%B0%EB%8C%80%20%EB%A7%9B%EC%A7%91/place/1101759368?c=15.00,0,0,0,dh&placePath=/home?entry=bmp&from=map&fromPanelNum=2&timestamp=202508311629&locale=ko&svcName=map_pcv5&searchText=%EB%B6%80%EC%82%B0%EB%8C%80%20%EB%A7%9B%EC%A7%91",crawl
210,애요스다이닝 부산대점,양식,"https://map.naver.com/p/search/%EB%B6%80%EC%82%B0%EB%8C%80%20%EB%A7%9B%EC%A7%91/place/1620866654?c=15.00,0,0,0,dh&placePath=/home?entry=bmp&from=map&fromPanelNum=2&timestamp=202508311629&locale=ko&svcName=map_pcv5&searchText=%EB%B6%80%EC%82%B0%EB%8C%80%20%EB%A7%9B%EC%A7%91",crawl
211,하나이미 부산대점,일식당,"https://map.naver.com/p/search/%EB%B6%80%EC%82%B0%EB%8C%80%20%EB%A7%9B%EC%A7%91/place/231551807?c=15.00,0,0,0,dh&placePath=/home?entry=bmp&from=map&fromPanelNum=2&timestamp=202508311629&locale=ko&svcName=map_pcv5&searchText=%EB%B6%80%EC%82%B0%EB%8C%80%20%EB%A7%9B%EC%A7%91",crawl
212,물고기,이자카야,"https://map.naver.com/p/search/%EB%B6%80%EC%82%B0%EB%8C%80%20%EB%A7%9B%EC%A7%91/place/1875030672?c=15.00,0,0,0,dh&placePath=/home?entry=bmp&from=map&fromPanelNum=2&timestamp=202508311630&locale=ko&svcName=map_pcv5&searchText=%EB%B6%80%EC%82%B0%EB%8C%80%20%EB%A7%9B%EC%A7%91",crawl
213,평화김해뒷고기 부산대점,"육류,고기요리","https://map.naver.com/p/search/%EB%B6%80%EC%82%B0%EB%8C%80%20%EB%A7%9B%EC%A7%91/place/1482470785?c=15.00,0,0,0,dh&placePath=/home?entry=bmp&from=map&fromPanelNum=2&timestamp=202508311630&locale=ko&svcName=map_pcv5&searchText=%EB%B6%80%EC%82%B0%EB%8C%80%20%EB%A7%9B%EC%A7%91",crawl
214,백초밥,"초밥,롤","https://map.naver.com/p/search/%EB%B6%80%EC%82%B0%EB%8C%80%20%EB%A7%9B%EC%A7%91/place/2030931858?c=15.00,0,0,0,dh&placePath=/home?entry=bmp&from=map&fromPanelNum=2&timestamp=202508311630&locale=ko&svcName=map_pcv5&searchText=%EB%B6%80%EC%82%B0%EB%8C%80%20%EB%A7%9B%EC%A7%91",crawl
215,파리바게뜨 금정부곡점,베이커리,"https://map.naver.com/p/search/%EB%B6%80%EC%82%B0%EB%8C%80%20%EB%A7%9B%EC%A7%91/place/1618513786?c=15.00,0,0,0,dh&placePath=/home?entry=bmp&from=map&fromPanelNum=2&timestamp=202508311630&locale=ko&svcName=map_pcv5&searchText=%EB%B6%80%EC%82%B0%EB%8C%80%20%EB%A7%9B%EC%A7%91",crawl
216,땅스부대찌개 장전점,"찌개,전골","https://map.naver.com/p/search/%EB%B6%80%EC%82%B0%EB%8C%80%20%EB%A7%9B%EC%A7%91/place/1134501410?c=15.00,0,0,0,dh&placePath=/home?entry=bmp&from=map&fromPanelNum=2&timestamp=202508311631&locale=ko&svcName=map_pcv5&searchText=%EB%B6%80%EC%82%B0%EB%8C%80%20%EB%A7%9B%EC%A7%91",crawl
217,유가솜씨 부산대본점,닭갈비,"https://map.naver.com/p/search/%EB%B6%80%EC%82%B0%EB%8C%80%20%EB%A7%9B%EC%A7%91/place/1939043289?c=15.00,0,0,0,dh&placePath=/home?entry=bmp&from=map&fromPanelNum=2&timestamp=202508311631&locale=ko&svcName=map_pcv5&searchText=%EB%B6%80%EC%82%B0%EB%8C%80%20%EB%A7%9B%EC%A7%91",crawl
218,이삭토스트 부산대점,토스트,"https://map.naver.com/p/search/%EB%B6%80%EC%82%B0%EB%8C%80%20%EB%A7%9B%EC%A7%91/place/37179119?c=15.00,0,0,0,dh&placePath=/home?entry=bmp&from=map&fromPanelNum=2&timestamp=202508311631&locale=ko&svcName=map_pcv5&searchText=%EB%B6%80%EC%82%B0%EB%8C%80%20%EB%A7%9B%EC%A7%91",crawl
219,구르미곳간 떡케이크,케이크전문,"https://map.naver.com/p/search/%EB%B6%80%EC%82%B0%EB%8C%80%20%EB%A7%9B%EC%A7%91/place/1206230091?c=15.00,0,0,0,dh&placePath=/home?entry=bmp&from=map&fromPanelNum=2&timestamp=202508311632&locale=ko&svcName=map_pcv5&searchText=%EB%B6%80%EC%82%B0%EB%8C%80%20%EB%A7%9B%EC%A7%91",crawl
220,우마이도 부산점,일본식라면,"https://map.naver.com/p/search/%EB%B6%80%EC%82%B0%EB%8C%80%20%EB%A7%9B%EC%A7%91/place/13572009?c=15.00,0,0,0,dh&placePath=/home?entry=bmp&from=map&fromPanelNum=2&timestamp=202508311632&locale=ko&svcName=map_pcv5&searchText=%EB%B6%80%EC%82%B0%EB%8C%80%20%EB%A7%9B%EC%A7%91",crawl
221,황금칼국수,"칼국수,만두","https://map.naver.com/p/search/%EB%B6%80%EC%82%B0%EB%8C%80%20%EB%A7%9B%EC%A7%91/place/31683743?c=15.00,0,0,0,dh&placePath=/home?entry=bmp&from=map&fromPanelNum=2&timestamp=202508311632&locale=ko&svcName=map_pcv5&searchText=%EB%B6%80%EC%82%B0%EB%8C%80%20%EB%A7%9B%EC%A7%91",crawl
222,거북이동네 부산장전점,"육류,고기요리","https://map.naver.com/p/search/%EB%B6%80%EC%82%B0%EB%8C%80%20%EB%A7%9B%EC%A7%91/place/1683372796?c=15.00,0,0,0,dh&placePath=/home?entry=bmp&from=map&fromPanelNum=2&timestamp=202508311632&locale=ko&svcName=map_pcv5&searchText=%EB%B6%80%EC%82%B0%EB%8C%80%20%EB%A7%9B%EC%A7%91",crawl
223,번아웃커피 부산대점,카페,"https://map.naver.com/p/search/%EB%B6%80%EC%82%B0%EB%8C%80%20%EB%A7%9B%EC%A7%91/place/1560137852?c=15.00,0,0,0,dh&placePath=/home?entry=bmp&from=map&fromPanelNum=2&timestamp=202508311633&locale=ko&svcName=map_pcv5&searchText=%EB%B6%80%EC%82%B0%EB%8C%80%20%EB%A7%9B%EC%A7%91",crawl
224,운죽정북카페,북카페,"https://map.naver.com/p/search/%EB%B6%80%EC%82%B0%EB%8C%80%20%EB%A7%9B%EC%A7%91/place/1882833749?c=15.00,0,0,0,dh&placePath=/home?entry=bmp&from=map&fromPanelNum=2&timestamp=202508311633&locale=ko&svcName=map_pcv5&searchText=%EB%B6%80%EC%82%B0%EB%8C%80%20%EB%A7%9B%EC%A7%91",crawl
225,챠오샤브 장전역점,샤브샤브,"https://map.naver.com/p/search/%EB%B6%80%EC%82%B0%EB%8C%80%20%EB%A7%9B%EC%A7%91/place/1177697289?c=15.00,0,0,0,dh&placePath=/home?entry=bmp&from=map&fromPanelNum=2&timestamp=202508311633&locale=ko&svcName=map_pcv5&searchText=%EB%B6%80%EC%82%B0%EB%8C%80%20%EB%A7%9B%EC%A7%91",crawl
226,컬리반스,피자,"https://map.naver.com/p/search/%EB%B6%80%EC%82%B0%EB%8C%80%20%EB%A7%9B%EC%A7%91/place/1194334939?c=15.00,0,0,0,dh&placePath=/home?entry=bmp&from=map&fromPanelNum=2&timestamp=202508311634&locale=ko&svcName=map_pcv5&searchText=%EB%B6%80%EC%82%B0%EB%8C%80%20%EB%A7%9B%EC%A7%91",crawl
227,미진황소한우곱창,한식,"https://map.naver.com/p/search/%EB%B6%80%EC%82%B0%EB%8C%80%20%EB%A7%9B%EC%A7%91/place/1225521160?c=15.00,0,0,0,dh&placePath=/home?entry=bmp&from=map&fromPanelNum=2&timestamp=202508311634&locale=ko&svcName=map_pcv5&searchText=%EB%B6%80%EC%82%B0%EB%8C%80%20%EB%A7%9B%EC%A7%91",crawl
228,디귿,이자카야,"https://map.naver.com/p/search/%EB%B6%80%EC%82%B0%EB%8C%80%20%EB%A7%9B%EC%A7%91/place/1652572035?c=15.00,0,0,0,dh&placePath=/home?entry=bmp&from=map&fromPanelNum=2&timestamp=202508311634&locale=ko&svcName=map_pcv5&searchText=%EB%B6%80%EC%82%B0%EB%8C%80%20%EB%A7%9B%EC%A7%91",crawl
229,마장동고기집 부산대점,소고기구이,"https://map.naver.com/p/search/%EB%B6%80%EC%82%B0%EB%8C%80%20%EB%A7%9B%EC%A7%91/place/1208148225?c=15.00,0,0,0,dh&placePath=/home?entry=bmp&from=map&fromPanelNum=2&timestamp=202508311635&locale=ko&svcName=map_pcv5&searchText=%EB%B6%80%EC%82%B0%EB%8C%80%20%EB%A7%9B%EC%A7%91",crawl
230,형제식육식당직영점,소고기구이,"https://map.naver.com/p/search/%EB%B6%80%EC%82%B0%EB%8C%80%20%EB%A7%9B%EC%A7%91/place/19695921?c=15.00,0,0,0,dh&placePath=/home?entry=bmp&from=map&fromPanelNum=2&timestamp=202508311635&locale=ko&svcName=map_pcv5&searchText=%EB%B6%80%EC%82%B0%EB%8C%80%20%EB%A7%9B%EC%A7%91",crawl
231,신전떡볶이 부산대점,분식,"https://map.naver.com/p/search/%EB%B6%80%EC%82%B0%EB%8C%80%20%EB%A7%9B%EC%A7%91/place/33811351?c=15.00,0,0,0,dh&placePath=/home?entry=bmp&from=map&fromPanelNum=2&timestamp=202508311635&locale=ko&svcName=map_pcv5&searchText=%EB%B6%80%EC%82%B0%EB%8C%80%20%EB%A7%9B%EC%A7%91",crawl
232,계성상회,닭요리,"https://map.naver.com/p/search/%EB%B6%80%EC%82%B0%EB%8C%80%20%EB%A7%9B%EC%A7%91/place/1943276272?c=15.00,0,0,0,dh&placePath=/home?entry=bmp&from=map&fromPanelNum=2&timestamp=202508311636&locale=ko&svcName=map_pcv5&searchText=%EB%B6%80%EC%82%B0%EB%8C%80%20%EB%A7%9B%EC%A7%91",crawl
233,혼토스시,일식당,"https://map.naver.com/p/search/%EB%B6%80%EC%82%B0%EB%8C%80%20%EB%A7%9B%EC%A7%91/place/1433302514?c=15.00,0,0,0,dh&placePath=/home?entry=bmp&from=map&fromPanelNum=2&timestamp=202508311636&locale=ko&svcName=map_pcv5&searchText=%EB%B6%80%EC%82%B0%EB%8C%80%20%EB%A7%9B%EC%A7%91",crawl
234,명물토스트,토스트,"https://map.naver.com/p/search/%EB%B6%80%EC%82%B0%EB%8C%80%20%EB%A7%9B%EC%A7%91/place/19660920?c=15.00,0,0,0,dh&placePath=/home?entry=bmp&from=map&fromPanelNum=2&timestamp=202508311636&locale=ko&svcName=map_pcv5&searchText=%EB%B6%80%EC%82%B0%EB%8C%80%20%EB%A7%9B%EC%A7%91",crawl
235,마라내음,중식당,"https://map.naver.com/p/search/%EB%B6%80%EC%82%B0%EB%8C%80%20%EB%A7%9B%EC%A7%91/place/1713971274?c=15.00,0,0,0,dh&placePath=/home?entry=bmp&from=map&fromPanelNum=2&timestamp=202508311637&locale=ko&svcName=map_pcv5&searchText=%EB%B6%80%EC%82%B0%EB%8C%80%20%EB%A7%9B%EC%A7%91",crawl
236,전통쑥밀면 부산 본점,국수,"https://map.naver.com/p/search/%EB%B6%80%EC%82%B0%EB%8C%80%20%EB%A7%9B%EC%A7%91/place/16645685?c=15.00,0,0,0,dh&placePath=/home?entry=bmp&from=map&fromPanelNum=2&timestamp=202508311637&locale=ko&svcName=map_pcv5&searchText=%EB%B6%80%EC%82%B0%EB%8C%80%20%EB%A7%9B%EC%A7%91",crawl
237,대길고추불고기,한식,"https://map.naver.com/p/search/%EB%B6%80%EC%82%B0%EB%8C%80%20%EB%A7%9B%EC%A7%91/place/11888914?c=15.00,0,0,0,dh&placePath=/home?entry=bmp&from=map&fromPanelNum=2&timestamp=202508311637&locale=ko&svcName=map_pcv5&searchText=%EB%B6%80%EC%82%B0%EB%8C%80%20%EB%A7%9B%EC%A7%91",crawl
238,미각반점,중식당,"https://map.naver.com/p/search/%EB%B6%80%EC%82%B0%EB%8C%80%20%EB%A7%9B%EC%A7%91/place/463430840?c=15.00,0,0,0,dh&placePath=/home?entry=bmp&from=map&fromPanelNum=2&timestamp=202508311638&locale=ko&svcName=map_pcv5&searchText=%EB%B6%80%EC%82%B0%EB%8C%80%20%EB%A7%9B%EC%A7%91",crawl
239,꼭지네 부산대점,포장마차,"https://map.naver.com/p/search/%EB%B6%80%EC%82%B0%EB%8C%80%20%EB%A7%9B%EC%A7%91/place/2061567628?c=15.00,0,0,0,dh&placePath=/home?entry=bmp&from=map&fromPanelNum=2&timestamp=202508311638&locale=ko&svcName=map_pcv5&searchText=%EB%B6%80%EC%82%B0%EB%8C%80%20%EB%A7%9B%EC%A7%91",crawl
240,이스탄불,카페,"https://map.naver.com/p/search/%EB%B6%80%EC%82%B0%EB%8C%80%20%EB%A7%9B%EC%A7%91/place/16646859?c=15.00,0,0,0,dh&placePath=/home?entry=bmp&from=map&fromPanelNum=2&timestamp=202508311638&locale=ko&svcName=map_pcv5&searchText=%EB%B6%80%EC%82%B0%EB%8C%80%20%EB%A7%9B%EC%A7%91",crawl
241,우마이,"맥주,호프","https://map.naver.com/p/search/%EB%B6%80%EC%82%B0%EB%8C%80%20%EB%A7%9B%EC%A7%91/place/1596146458?c=15.00,0,0,0,dh&placePath=/home?entry=bmp&from=map&fromPanelNum=2&timestamp=202508311639&locale=ko&svcName=map_pcv5&searchText=%EB%B6%80%EC%82%B0%EB%8C%80%20%EB%A7%9B%EC%A7%91",crawl
242,투썸플레이스 부산대정문점,카페,"https://map.naver.com/p/search/%EB%B6%80%EC%82%B0%EB%8C%80%20%EB%A7%9B%EC%A7%91/place/1455464841?c=15.00,0,0,0,dh&placePath=/home?entry=bmp&from=map&fromPanelNum=2&timestamp=202508311639&locale=ko&svcName=map_pcv5&searchText=%EB%B6%80%EC%82%B0%EB%8C%80%20%EB%A7%9B%EC%A7%91",crawl
243,진국명가 부산대점,국밥,"https://map.naver.com/p/search/%EB%B6%80%EC%82%B0%EB%8C%80%20%EB%A7%9B%EC%A7%91/place/31608417?c=15.00,0,0,0,dh&placePath=/home?entry=bmp&from=map&fromPanelNum=2&timestamp=202508311639&locale=ko&svcName=map_pcv5&searchText=%EB%B6%80%EC%82%B0%EB%8C%80%20%EB%A7%9B%EC%A7%91",crawl
244,호호닭집,닭요리,"https://map.naver.com/p/search/%EB%B6%80%EC%82%B0%EB%8C%80%20%EB%A7%9B%EC%A7%91/place/16642530?c=15.00,0,0,0,dh&placePath=/home?entry=bmp&from=map&fromPanelNum=2&timestamp=202508311640&locale=ko&svcName=map_pcv5&searchText=%EB%B6%80%EC%82%B0%EB%8C%80%20%EB%A7%9B%EC%A7%91",crawl
245,원조할매국밥 부곡점,국밥,"https://map.naver.com/p/search/%EB%B6%80%EC%82%B0%EB%8C%80%20%EB%A7%9B%EC%A7%91/place/16901532?c=15.00,0,0,0,dh&placePath=/home?entry=bmp&from=map&fromPanelNum=2&timestamp=202508311640&locale=ko&svcName=map_pcv5&searchText=%EB%B6%80%EC%82%B0%EB%8C%80%20%EB%A7%9B%EC%A7%91",crawl
246,노랑통닭 부산대점,"치킨,닭강정","https://map.naver.com/p/search/%EB%B6%80%EC%82%B0%EB%8C%80%20%EB%A7%9B%EC%A7%91/place/515691490?c=15.00,0,0,0,dh&placePath=/home?entry=bmp&from=map&fromPanelNum=2&timestamp=202508311640&locale=ko&svcName=map_pcv5&searchText=%EB%B6%80%EC%82%B0%EB%8C%80%20%EB%A7%9B%EC%A7%91",crawl
247,맛있는고기에솜씨를더하다 장전점,"육류,고기요리","https://map.naver.com/p/search/%EB%B6%80%EC%82%B0%EB%8C%80%20%EB%A7%9B%EC%A7%91/place/1076678787?c=15.00,0,0,0,dh&placePath=/home?entry=bmp&from=map&fromPanelNum=2&timestamp=202508311641&locale=ko&svcName=map_pcv5&searchText=%EB%B6%80%EC%82%B0%EB%8C%80%20%EB%A7%9B%EC%A7%91",crawl
248,하얼빈,중식당,"https://map.naver.com/p/search/%EB%B6%80%EC%82%B0%EB%8C%80%20%EB%A7%9B%EC%A7%91/place/1348409261?c=15.00,0,0,0,dh&placePath=/home?entry=bmp&from=map&fromPanelNum=2&timestamp=202508311641&locale=ko&svcName=map_pcv5&searchText=%EB%B6%80%EC%82%B0%EB%8C%80%20%EB%A7%9B%EC%A7%91",crawl
249,문화카페 MERGE,"카페,디저트","https://map.naver.com/p/search/%EB%B6%80%EC%82%B0%EB%8C%80%20%EB%A7%9B%EC%A7%91/place/1573586934?c=15.00,0,0,0,dh&placePath=/home?entry=bmp&from=map&fromPanelNum=2&timestamp=202508311642&locale=ko&svcName=map_pcv5&searchText=%EB%B6%80%EC%82%B0%EB%8C%80%20%EB%A7%9B%EC%A7%91",crawl
250,카페16온스 부산대점,"카페,디저트","https://map.naver.com/p/search/%EB%B6%80%EC%82%B0%EB%8C%80%20%EB%A7%9B%EC%A7%91/place/1336778287?c=15.00,0,0,0,dh&placePath=/home?entry=bmp&from=map&fromPanelNum=2&timestamp=202508311642&locale=ko&svcName=map_pcv5&searchText=%EB%B6%80%EC%82%B0%EB%8C%80%20%EB%A7%9B%EC%A7%91",crawl
251,온리김밥,김밥,"https://map.naver.com/p/search/%EB%B6%80%EC%82%B0%EB%8C%80%20%EB%A7%9B%EC%A7%91/place/1245577045?c=15.00,0,0,0,dh&placePath=/home?entry=bmp&from=map&fromPanelNum=2&timestamp=202508311642&locale=ko&svcName=map_pcv5&searchText=%EB%B6%80%EC%82%B0%EB%8C%80%20%EB%A7%9B%EC%A7%91",crawl
252,유림부대밀면,국수,"https://map.naver.com/p/search/%EB%B6%80%EC%82%B0%EB%8C%80%20%EB%A7%9B%EC%A7%91/place/35117378?c=15.00,0,0,0,dh&placePath=/home?entry=bmp&from=map&fromPanelNum=2&timestamp=202508311643&locale=ko&svcName=map_pcv5&searchText=%EB%B6%80%EC%82%B0%EB%8C%80%20%EB%A7%9B%EC%A7%91",crawl
253,통큰집,한식,"https://map.naver.com/p/search/%EB%B6%80%EC%82%B0%EB%8C%80%20%EB%A7%9B%EC%A7%91/place/13005246?c=15.00,0,0,0,dh&placePath=/home?entry=bmp&from=map&fromPanelNum=2&timestamp=202508311643&locale=ko&svcName=map_pcv5&searchText=%EB%B6%80%EC%82%B0%EB%8C%80%20%EB%A7%9B%EC%A7%91",crawl
254,내가찜한닭 부산대점,찜닭,"https://map.naver.com/p/search/%EB%B6%80%EC%82%B0%EB%8C%80%20%EB%A7%9B%EC%A7%91/place/556398296?c=15.00,0,0,0,dh&placePath=/home?entry=bmp&from=map&fromPanelNum=2&timestamp=202508311643&locale=ko&svcName=map_pcv5&searchText=%EB%B6%80%EC%82%B0%EB%8C%80%20%EB%A7%9B%EC%A7%91",crawl
255,ola,양식,"https://map.naver.com/p/search/%EB%B6%80%EC%82%B0%EB%8C%80%20%EB%A7%9B%EC%A7%91/place/1433822376?c=15.00,0,0,0,dh&placePath=/home?entry=bmp&from=map&fromPanelNum=2&timestamp=202508311644&locale=ko&svcName=map_pcv5&searchText=%EB%B6%80%EC%82%B0%EB%8C%80%20%EB%A7%9B%EC%A7%91",crawl
256,가거도횟집,생선회,"https://map.naver.com/p/search/%EB%B6%80%EC%82%B0%EB%8C%80%20%EB%A7%9B%EC%A7%91/place/32019251?c=15.00,0,0,0,dh&placePath=/home?entry=bmp&from=map&fromPanelNum=2&timestamp=202508311644&locale=ko&svcName=map_pcv5&searchText=%EB%B6%80%EC%82%B0%EB%8C%80%20%EB%A7%9B%EC%A7%91",crawl
257,샐러디 부산장전역점,"다이어트,샐러드","https://map.naver.com/p/search/%EB%B6%80%EC%82%B0%EB%8C%80%20%EB%A7%9B%EC%A7%91/place/1442033102?c=15.00,0,0,0,dh&placePath=/home?entry=bmp&from=map&fromPanelNum=2&timestamp=202508311644&locale=ko&svcName=map_pcv5&searchText=%EB%B6%80%EC%82%B0%EB%8C%80%20%EB%A7%9B%EC%A7%91",crawl
258,맘스터치 부산대점,햄버거,"https://map.naver.com/p/search/%EB%B6%80%EC%82%B0%EB%8C%80%20%EB%A7%9B%EC%A7%91/place/33133686?c=15.00,0,0,0,dh&placePath=/home?entry=bmp&from=map&fromPanelNum=2&timestamp=202508311645&locale=ko&svcName=map_pcv5&searchText=%EB%B6%80%EC%82%B0%EB%8C%80%20%EB%A7%9B%EC%A7%91",crawl
259,골목,요리주점,"https://map.naver.com/p/search/%EB%B6%80%EC%82%B0%EB%8C%80%20%EB%A7%9B%EC%A7%91/place/1536390637?c=15.00,0,0,0,dh&placePath=/home?entry=bmp&from=map&fromPanelNum=2&timestamp=202508311645&locale=ko&svcName=map_pcv5&searchText=%EB%B6%80%EC%82%B0%EB%8C%80%20%EB%A7%9B%EC%A7%91",crawl
260,유가네닭갈비 부산대점,닭갈비,"https://map.naver.com/p/search/%EB%B6%80%EC%82%B0%EB%8C%80%20%EB%A7%9B%EC%A7%91/place/31927572?c=15.00,0,0,0,dh&placePath=/home?entry=bmp&from=map&fromPanelNum=2&timestamp=202508311646&locale=ko&svcName=map_pcv5&searchText=%EB%B6%80%EC%82%B0%EB%8C%80%20%EB%A7%9B%EC%A7%91",crawl
261,나이트폴,양식,"https://map.naver.com/p/search/%EB%B6%80%EC%82%B0%EB%8C%80%20%EB%A7%9B%EC%A7%91/place/1238264823?c=15.00,0,0,0,dh&placePath=/home?entry=bmp&from=map&fromPanelNum=2&timestamp=202508311646&locale=ko&svcName=map_pcv5&searchText=%EB%B6%80%EC%82%B0%EB%8C%80%20%EB%A7%9B%EC%A7%91",crawl
262,버거킹 부산금정오일뱅크점,햄버거,"https://map.naver.com/p/search/%EB%B6%80%EC%82%B0%EB%8C%80%20%EB%A7%9B%EC%A7%91/place/1797846936?c=15.00,0,0,0,dh&placePath=/home?entry=bmp&from=map&fromPanelNum=2&timestamp=202508311646&locale=ko&svcName=map_pcv5&searchText=%EB%B6%80%EC%82%B0%EB%8C%80%20%EB%A7%9B%EC%A7%91",crawl
263,홍보석 숯불구이,돼지고기구이,"https://map.naver.com/p/search/%EB%B6%80%EC%82%B0%EB%8C%80%20%EB%A7%9B%EC%A7%91/place/11666897?c=15.00,0,0,0,dh&placePath=/home?entry=bmp&from=map&fromPanelNum=2&timestamp=202508311647&locale=ko&svcName=map_pcv5&searchText=%EB%B6%80%EC%82%B0%EB%8C%80%20%EB%A7%9B%EC%A7%91",crawl
264,칼집삼겹부산대본점,돼지고기구이,"https://map.naver.com/p/search/%EB%B6%80%EC%82%B0%EB%8C%80%20%EB%A7%9B%EC%A7%91/place/20388918?c=15.00,0,0,0,dh&placePath=/home?entry=bmp&from=map&fromPanelNum=2&timestamp=202508311647&locale=ko&svcName=map_pcv5&searchText=%EB%B6%80%EC%82%B0%EB%8C%80%20%EB%A7%9B%EC%A7%91",crawl
265,진가야밀면,국수,"https://map.naver.com/p/search/%EB%B6%80%EC%82%B0%EB%8C%80%20%EB%A7%9B%EC%A7%91/place/1607657128?c=15.00,0,0,0,dh&placePath=/home?entry=bmp&from=map&fromPanelNum=2&timestamp=202508311647&locale=ko&svcName=map_pcv5&searchText=%EB%B6%80%EC%82%B0%EB%8C%80%20%EB%A7%9B%EC%A7%91",crawl
266,야타이스시,"초밥,롤","https://map.naver.com/p/search/%EB%B6%80%EC%82%B0%EB%8C%80%20%EB%A7%9B%EC%A7%91/place/1243238995?c=15.00,0,0,0,dh&placePath=/home?entry=bmp&from=map&fromPanelNum=2&timestamp=202508311648&locale=ko&svcName=map_pcv5&searchText=%EB%B6%80%EC%82%B0%EB%8C%80%20%EB%A7%9B%EC%A7%91",crawl
267,돼지집딸,돼지고기구이,"https://map.naver.com/p/search/%EB%B6%80%EC%82%B0%EB%8C%80%20%EB%A7%9B%EC%A7%91/place/36259806?c=15.00,0,0,0,dh&placePath=/home?entry=bmp&from=map&fromPanelNum=2&timestamp=202508311648&locale=ko&svcName=map_pcv5&searchText=%EB%B6%80%EC%82%B0%EB%8C%80%20%EB%A7%9B%EC%A7%91",crawl
268,구름다리 쌈도둑,쌈밥,"https://map.naver.com/p/search/%EB%B6%80%EC%82%B0%EB%8C%80%20%EB%A7%9B%EC%A7%91/place/909377871?c=15.00,0,0,0,dh&placePath=/home?entry=bmp&from=map&fromPanelNum=2&timestamp=202508311649&locale=ko&svcName=map_pcv5&searchText=%EB%B6%80%EC%82%B0%EB%8C%80%20%EB%A7%9B%EC%A7%91",crawl
269,낙곱새 고래섬 부산대점,낙지요리,"https://map.naver.com/p/search/%EB%B6%80%EC%82%B0%EB%8C%80%20%EB%A7%9B%EC%A7%91/place/1322818198?c=15.00,0,0,0,dh&placePath=/home?entry=bmp&from=map&fromPanelNum=2&timestamp=202508311649&locale=ko&svcName=map_pcv5&searchText=%EB%B6%80%EC%82%B0%EB%8C%80%20%EB%A7%9B%EC%A7%91",crawl
270,바닐바닐,"카페,디저트","https://map.naver.com/p/search/%EB%B6%80%EC%82%B0%EB%8C%80%20%EB%A7%9B%EC%A7%91/place/1274224774?c=15.00,0,0,0,dh&placePath=/home?entry=bmp&from=map&fromPanelNum=2&timestamp=202508311649&locale=ko&svcName=map_pcv5&searchText=%EB%B6%80%EC%82%B0%EB%8C%80%20%EB%A7%9B%EC%A7%91",crawl
271,부산밀면,국수,"https://map.naver.com/p/search/%EB%B6%80%EC%82%B0%EB%8C%80%20%EB%A7%9B%EC%A7%91/place/16644582?c=15.00,0,0,0,dh&placePath=/home?entry=bmp&from=map&fromPanelNum=2&timestamp=202508311650&locale=ko&svcName=map_pcv5&searchText=%EB%B6%80%EC%82%B0%EB%8C%80%20%EB%A7%9B%EC%A7%91",crawl
272,버들로스터리,"카페,디저트","https://map.naver.com/p/search/%EB%B6%80%EC%82%B0%EB%8C%80%20%EB%A7%9B%EC%A7%91/place/1438715850?c=15.00,0,0,0,dh&placePath=/home?entry=bmp&from=map&fromPanelNum=2&timestamp=202508311650&locale=ko&svcName=map_pcv5&searchText=%EB%B6%80%EC%82%B0%EB%8C%80%20%EB%A7%9B%EC%A7%91",crawl
273,지필,"카페,디저트","https://map.naver.com/p/search/%EB%B6%80%EC%82%B0%EB%8C%80%20%EB%A7%9B%EC%A7%91/place/1259913221?c=15.00,0,0,0,dh&placePath=/home?entry=bmp&from=map&fromPanelNum=2&timestamp=202508311651&locale=ko&svcName=map_pcv5&searchText=%EB%B6%80%EC%82%B0%EB%8C%80%20%EB%A7%9B%EC%A7%91",crawl
274,겐로쿠우동 부산대점,"우동,소바","https://map.naver.com/p/search/%EB%B6%80%EC%82%B0%EB%8C%80%20%EB%A7%9B%EC%A7%91/place/1463485451?c=15.00,0,0,0,dh&placePath=/home?entry=bmp&from=map&fromPanelNum=2&timestamp=202508311651&locale=ko&svcName=map_pcv5&searchText=%EB%B6%80%EC%82%B0%EB%8C%80%20%EB%A7%9B%EC%A7%91",crawl
275,카페호밀,베이커리,"https://map.naver.com/p/search/%EB%B6%80%EC%82%B0%EB%8C%80%20%EB%A7%9B%EC%A7%91/place/1472719811?c=15.00,0,0,0,dh&placePath=/home?entry=bmp&from=map&fromPanelNum=2&timestamp=202508311651&locale=ko&svcName=map_pcv5&searchText=%EB%B6%80%EC%82%B0%EB%8C%80%20%EB%A7%9B%EC%A7%91",crawl
276,하마하마베이크하우스,베이커리,"https://map.naver.com/p/search/%EB%B6%80%EC%82%B0%EB%8C%80%20%EB%A7%9B%EC%A7%91/place/1915068342?c=15.00,0,0,0,dh&placePath=/home?entry=bmp&from=map&fromPanelNum=2&timestamp=202508311652&locale=ko&svcName=map_pcv5&searchText=%EB%B6%80%EC%82%B0%EB%8C%80%20%EB%A7%9B%EC%A7%91",crawl
277,365후루룩촌국수,국수,"https://map.naver.com/p/search/%EB%B6%80%EC%82%B0%EB%8C%80%20%EB%A7%9B%EC%A7%91/place/1347293602?c=15.00,0,0,0,dh&placePath=/home?entry=bmp&from=map&fromPanelNum=2&timestamp=202508311652&locale=ko&svcName=map_pcv5&searchText=%EB%B6%80%EC%82%B0%EB%8C%80%20%EB%A7%9B%EC%A7%91",crawl
278,구월산돼지국밥,국밥,"https://map.naver.com/p/search/%EB%B6%80%EC%82%B0%EB%8C%80%20%EB%A7%9B%EC%A7%91/place/1322586741?c=15.00,0,0,0,dh&placePath=/home?entry=bmp&from=map&fromPanelNum=2&timestamp=202508311653&locale=ko&svcName=map_pcv5&searchText=%EB%B6%80%EC%82%B0%EB%8C%80%20%EB%A7%9B%EC%A7%91",crawl
279,백억커피 부산대점,"카페,디저트","https://map.naver.com/p/search/%EB%B6%80%EC%82%B0%EB%8C%80%20%EB%A7%9B%EC%A7%91/place/1127766838?c=15.00,0,0,0,dh&placePath=/home?entry=bmp&from=map&fromPanelNum=2&timestamp=202508311653&locale=ko&svcName=map_pcv5&searchText=%EB%B6%80%EC%82%B0%EB%8C%80%20%EB%A7%9B%EC%A7%91",crawl
280,카페 도희,"카페,디저트","https://map.naver.com/p/search/%EB%B6%80%EC%82%B0%EB%8C%80%20%EB%A7%9B%EC%A7%91/place/1403054334?c=15.00,0,0,0,dh&placePath=/home?entry=bmp&from=map&fromPanelNum=2&timestamp=202508311653&locale=ko&svcName=map_pcv5&searchText=%EB%B6%80%EC%82%B0%EB%8C%80%20%EB%A7%9B%EC%A7%91",crawl
281,동방축산 장전점,"육류,고기요리","https://map.naver.com/p/search/%EB%B6%80%EC%82%B0%EB%8C%80%20%EB%A7%9B%EC%A7%91/place/1306876026?c=15.00,0,0,0,dh&placePath=/home?entry=bmp&from=map&fromPanelNum=2&timestamp=202508311654&locale=ko&svcName=map_pcv5&searchText=%EB%B6%80%EC%82%B0%EB%8C%80%20%EB%A7%9B%EC%A7%91",crawl
282,지리돈 온천장 본점,"육류,고기요리","https://map.naver.com/p/search/%EB%B6%80%EC%82%B0%EB%8C%80%20%EB%A7%9B%EC%A7%91/place/1463738774?c=15.00,0,0,0,dh&placePath=/home?entry=bmp&from=map&fromPanelNum=2&timestamp=202508311654&locale=ko&svcName=map_pcv5&searchText=%EB%B6%80%EC%82%B0%EB%8C%80%20%EB%A7%9B%EC%A7%91",crawl
283,장전동회수산센터,생선회,"https://map.naver.com/p/search/%EB%B6%80%EC%82%B0%EB%8C%80%20%EB%A7%9B%EC%A7%91/place/1482808456?c=15.00,0,0,0,dh&placePath=/home?entry=bmp&from=map&fromPanelNum=2&timestamp=202508311655&locale=ko&svcName=map_pcv5&searchText=%EB%B6%80%EC%82%B0%EB%8C%80%20%EB%A7%9B%EC%A7%91",crawl
284,타임앤드플레이스,"카페,디저트","https://map.naver.com/p/search/%EB%B6%80%EC%82%B0%EB%8C%80%20%EB%A7%9B%EC%A7%91/place/1439153894?c=15.00,0,0,0,dh&placePath=/home?entry=bmp&from=map&fromPanelNum=2&timestamp=202508311655&locale=ko&svcName=map_pcv5&searchText=%EB%B6%80%EC%82%B0%EB%8C%80%20%EB%A7%9B%EC%A7%91",crawl
285,정성식당,"찌개,전골","https://map.naver.com/p/search/%EB%B6%80%EC%82%B0%EB%8C%80%20%EB%A7%9B%EC%A7%91/place/34160546?c=15.00,0,0,0,dh&placePath=/home?entry=bmp&from=map&fromPanelNum=2&timestamp=202508311655&locale=ko&svcName=map_pcv5&searchText=%EB%B6%80%EC%82%B0%EB%8C%80%20%EB%A7%9B%EC%A7%91",crawl
286,버터레코드,크레페,"https://map.naver.com/p/search/%EB%B6%80%EC%82%B0%EB%8C%80%20%EB%A7%9B%EC%A7%91/place/1352637699?c=15.00,0,0,0,dh&placePath=/home?entry=bmp&from=map&fromPanelNum=2&timestamp=202508311656&locale=ko&svcName=map_pcv5&searchText=%EB%B6%80%EC%82%B0%EB%8C%80%20%EB%A7%9B%EC%A7%91",crawl
287,원조밀면,한식,"https://map.naver.com/p/search/%EB%B6%80%EC%82%B0%EB%8C%80%20%EB%A7%9B%EC%A7%91/place/19688591?c=15.00,0,0,0,dh&placePath=/home?entry=bmp&from=map&fromPanelNum=2&timestamp=202508311656&locale=ko&svcName=map_pcv5&searchText=%EB%B6%80%EC%82%B0%EB%8C%80%20%EB%A7%9B%EC%A7%91",crawl
288,금곡한방민물장어 장전점,"장어,먹장어요리","https://map.naver.com/p/search/%EB%B6%80%EC%82%B0%EB%8C%80%20%EB%A7%9B%EC%A7%91/place/596308050?c=15.00,0,0,0,dh&placePath=/home?entry=bmp&from=map&fromPanelNum=2&timestamp=202508311656&locale=ko&svcName=map_pcv5&searchText=%EB%B6%80%EC%82%B0%EB%8C%80%20%EB%A7%9B%EC%A7%91",crawl
289,탕화쿵푸마라탕 부산대점,마라탕,"https://map.naver.com/p/search/%EB%B6%80%EC%82%B0%EB%8C%80%20%EB%A7%9B%EC%A7%91/place/1592483909?c=15.00,0,0,0,dh&placePath=/home?entry=bmp&from=map&fromPanelNum=2&timestamp=202508311657&locale=ko&svcName=map_pcv5&searchText=%EB%B6%80%EC%82%B0%EB%8C%80%20%EB%A7%9B%EC%A7%91",crawl
290,카페반디나무 부산대점,"카페,디저트","https://map.naver.com/p/search/%EB%B6%80%EC%82%B0%EB%8C%80%20%EB%A7%9B%EC%A7%91/place/34043773?c=15.00,0,0,0,dh&placePath=/home?entry=bmp&from=map&fromPanelNum=2&timestamp=202508311657&locale=ko&svcName=map_pcv5&searchText=%EB%B6%80%EC%82%B0%EB%8C%80%20%EB%A7%9B%EC%A7%91",crawl
291,로제이브커피 스페셜티,카페,"https://map.naver.com/p/search/%EB%B6%80%EC%82%B0%EB%8C%80%20%EB%A7%9B%EC%A7%91/place/1305861361?c=15.00,0,0,0,dh&placePath=/home?entry=bmp&from=map&fromPanelNum=2&timestamp=202508311658&locale=ko&svcName=map_pcv5&searchText=%EB%B6%80%EC%82%B0%EB%8C%80%20%EB%A7%9B%EC%A7%91",crawl
292,파리바게뜨 부산대역점,베이커리,"https://map.naver.com/p/search/%EB%B6%80%EC%82%B0%EB%8C%80%20%EB%A7%9B%EC%A7%91/place/16636191?c=15.00,0,0,0,dh&placePath=/home?entry=bmp&from=map&fromPanelNum=2&timestamp=202508311658&locale=ko&svcName=map_pcv5&searchText=%EB%B6%80%EC%82%B0%EB%8C%80%20%EB%A7%9B%EC%A7%91",crawl
293,노모어피자 부산대점,피자,"https://map.naver.com/p/search/%EB%B6%80%EC%82%B0%EB%8C%80%20%EB%A7%9B%EC%A7%91/place/1987477742?c=15.00,0,0,0,dh&placePath=%3Fentry%253Dbmp",crawl
294,파파존스 부산대점,피자,"https://map.naver.com/p/search/%EB%B6%80%EC%82%B0%EB%8C%80%20%EB%A7%9B%EC%A7%91/place/36854379?c=15.00,0,0,0,dh&placePath=/home?entry=bmp&from=map&fromPanelNum=2&timestamp=202508311659&locale=ko&svcName=map_pcv5&searchText=%EB%B6%80%EC%82%B0%EB%8C%80%20%EB%A7%9B%EC%A7%91",crawl
295,맘스터치 부산대북문점,햄버거,"https://map.naver.com/p/search/%EB%B6%80%EC%82%B0%EB%8C%80%20%EB%A7%9B%EC%A7%91/place/37624754?c=15.00,0,0,0,dh&placePath=/home?entry=bmp&from=map&fromPanelNum=2&timestamp=202508311700&locale=ko&svcName=map_pcv5&searchText=%EB%B6%80%EC%82%B0%EB%8C%80%20%EB%A7%9B%EC%A7%91",crawl
296,빼어날수연어 부산대점,생선회,"https://map.naver.com/p/search/%EB%B6%80%EC%82%B0%EB%8C%80%20%EB%A7%9B%EC%A7%91/place/1618726793?c=15.00,0,0,0,dh&placePath=/home?entry=bmp&from=map&fromPanelNum=2&timestamp=202508311701&locale=ko&svcName=map_pcv5&searchText=%EB%B6%80%EC%82%B0%EB%8C%80%20%EB%A7%9B%EC%A7%91",crawl
297,무봤나촌닭 부산대점,"치킨,닭강정","https://map.naver.com/p/search/%EB%B6%80%EC%82%B0%EB%8C%80%20%EB%A7%9B%EC%A7%91/place/33418671?c=15.00,0,0,0,dh&placePath=/home?entry=bmp&from=map&fromPanelNum=2&timestamp=202508311701&locale=ko&svcName=map_pcv5&searchText=%EB%B6%80%EC%82%B0%EB%8C%80%20%EB%A7%9B%EC%A7%91",crawl
298,춘리마라탕 부산장전점,마라탕,"https://map.naver.com/p/search/%EB%B6%80%EC%82%B0%EB%8C%80%20%EB%A7%9B%EC%A7%91/place/1956823995?c=15.00,0,0,0,dh&placePath=/home?entry=bmp&from=map&fromPanelNum=2&timestamp=202508311702&locale=ko&svcName=map_pcv5&searchText=%EB%B6%80%EC%82%B0%EB%8C%80%20%EB%A7%9B%EC%A7%91",crawl
299,카페민,"카페,디저트","https://map.naver.com/p/search/%EB%B6%80%EC%82%B0%EB%8C%80%20%EB%A7%9B%EC%A7%91/place/1894339964?c=15.00,0,0,0,dh&placePath=/home?entry=bmp&from=map&fromPanelNum=2&timestamp=202508311703&locale=ko&svcName=map_pcv5&searchText=%EB%B6%80%EC%82%B0%EB%8C%80%20%EB%A7%9B%EC%A7%91",crawl
300,와플대학 부산대캠퍼스,와플,"https://map.naver.com/p/search/%EB%B6%80%EC%82%B0%EB%8C%80%20%EB%A7%9B%EC%A7%91/place/1063053336?c=15.00,0,0,0,dh&placePath=/home?entry=bmp&from=map&fromPanelNum=2&timestamp=202508311704&locale=ko&svcName=map_pcv5&searchText=%EB%B6%80%EC%82%B0%EB%8C%80%20%EB%A7%9B%EC%A7%91",crawl
301,가야공원돼지국밥 부산대점,국밥,"https://map.naver.com/p/search/%EB%B6%80%EC%82%B0%EB%8C%80%20%EB%A7%9B%EC%A7%91/place/16890824?c=15.00,0,0,0,dh&placePath=/home?entry=bmp&from=map&fromPanelNum=2&timestamp=202508311705&locale=ko&svcName=map_pcv5&searchText=%EB%B6%80%EC%82%B0%EB%8C%80%20%EB%A7%9B%EC%A7%91",crawl
