text,source
"홈플러스 장보러 오는김에 친한동생이 추천해준 앵그리웍에서 맛난 저녁 먹고 왔어요~ 짜장면, 짬뽕, 레몬버터탕수육까지 주문한 메뉴가 모두 맛있었고 셋이서 배부르게 먹었답니다^^ 레몬버터탕수육은 꼭 주문해서 드셔보시길 추천드려요 👍🏻 레몬버터의 상큼함과 고소함이 탕수육과 아주 잘 어울리고 다른곳에선 먹을 수 없는 메뉴여서 필수입니다! 아이가 잘 먹었던 짜장면과 속이 풀리던 짬뽕도 맛있어요~",crawl
처음 왔는데 만족합니다! 레몬버터가 들어간 탕수육 신기했는데 튀김은 바삭하고 소스는 버터가 들어가서그런지 담백하고 부드럽습니다! 넘 맛있어용 만두도 새우들어가서 부드럽고 맛있습니당 다음에 또 오려구요!,crawl
기대 없이 시킨 누룽지탕 뜨거운 돌솥에 부어주는 속재료들과 찹쌀누룽지의 조화. 누룽지가 완전 젹셔지기전 한그릇 충분히 젖은후 한그릇 만족스러운 안주이자 식사가 됨 홍유초수. 새우살가득한 만듀 딤섬생각나는 맛 재방문 해야지 차우면 궁금함,crawl
"대기 없이 바로 입장해서 편했고, 음식도 전반적으로 맛있었습니다. 볶음밥은 고슬고슬하고 짜장과 잘 어울렸고, 짬뽕 국물은 칼칼하고 시원했어요. 재료도 신선해서 만족스러운 식사였습니다. 직원분들도 친절해 데이트나 외식으로 추천할 만한 곳이에요.",crawl
온천장에 중국집 맛집이 생겼어요!! 지나가다 보고 궁금했는데 웬걸! 너무 맛있네요. 운좋게 웨이팅없이 들어왔는데 자리가 항상 꽉꽉 차있어요~ 탕슉 바삭하고 잡내없어요. 사천짜장 매운데 너무 맛있어요! 울면도 맛있고 만두도 맛있어요. 다음에 와서는 빙화만두도 있던데 먹어봐야겠어요. 전체 메뉴 도장깨기 들어갑니다. 이제 ㅁㅁㄹ 갈 필요없어요~,crawl
"짜장면이 정말 맛있는 중국집이었습니다. 면발이 쫄깃하고, 짜장 소스는 꽤나 매콤했지만 중독적인 맛이에요 양도 푸짐해서 가성비가 좋았고, 반찬도 정갈하게 나와서 만족스러웠습니다. 다음엔 다른 메뉴도 꼭 먹어보고 싶어요.",crawl
"레몬버터탕수육은 상큼하고 고소한 풍미가 조화를 이루며 바삭한 식감까지 완벽했어요. 짬뽕밥은 불향 가득한 국물과 해물 토핑이 푸짐해서 밥과 함께 먹기 딱 좋았고, 홍유초수는 깔끔하고 매콤한 맛으로 마무리를 완성해줬어요. 재방문의사 10000프로",crawl
집 앞에 생기고 나서 꼭 가야지 가야지 하다가 오늘 짬뽕이 너무 먹고싶어서 방문했어요! 요새 해물 짬뽕 가격이 좀 올랐는데 앵그리웍은 착한 가격에 맛도 있다 해서 바로 방문했습니다😊 앵그리버드? 어뮥? 있어서 너무 귀여웠어요 ㅋㅋㅋ 다음에는 친구들이랑 같이 와서 먹고싶아요✨👍🏻 다양한 이벤트도 많이 하니 다들 방문해보셨으면 좋겠습니딩 다음엔 짜장면 먹으러 와야징..,crawl
흔한 짬뽕 짜장면 탕수육 같은 일반적인 중국집 음식도 있지만 볶는 종류의 정통? 중식 음식도 종류가 아주 많아요. 아이들이랑 낮에 와서 술을 마실 수는 없지만 바이주와 같이 먹기에도 좋을 것 같아요. 그리고 맛도 있지만 그릇이 화려한 사기 그릇이라 좋네요ㅎㅎ 다음에는 요리류를 시켜서 안주삼아 먹고 싶어요!,crawl
동파육 차우면 홍유초수 다 맛있어요 3가지 메뉴 다 추천해요 다른 메뉴도 먹어 보고 싶은 맛입니다 나오는 영웅본색 음악도 추억 돋네요,crawl
"가격이 조금 높지만, 한 입 먹으면 왜 그런지 알겠더라고요. 레몬의 상큼함과 버터의 고소함이 부드럽게 어우러져서 기존 탕수육과는 전혀 다른 매력을 느낄 수 있었어요. 볶음밥은 기름지지 않고 담백해서 아이도 잘 먹었고, 짬뽕은 재료가 넉넉히 들어가 국물 맛이 깊었습니다. 불향이 살아있고 재료가 풍부해 단품으로도 모두 만족스러웠어요. 전체적으로 음식 퀄리티와 맛은 뛰어나요. 다만, 주차 공간이 협소해 차를 가지고 방문하실 분들은 미리 주변 주차장을 알아보시는 걸 추천드립니다 :)",crawl
아담한 공간에서 간단히 음식먹기좋고 레몬버터탕수육 정말정말맛있고 수제만두도 추천해요! ㅎㅎㅎ 여러요리를 먹어보고싶은 비쥬얼이고 다음에 방문하면 레몬버터탕수육 또 먹을거같아요 ! 룸도 1곳있는데 단체이용도 가능해요 다만 아기의자가 없어서 아쉬웟어요 ㅠㅠ,crawl
"인테리어도 감각 있고, 플레이팅도 예뻐서 한 입 먹기 전에 사진부터 찍게 되는 분위기 📸 레몬 탕수육은 이름처럼 레몬 맛도 나고, 약간 버터 향도 느껴져서 부드럽고 고급진 맛이었어요. 튀김도 바삭해서 식감 좋았고요. 사천짜장은 살짝 매콤한데, 그 안에 치즈 같은 고소한 풍미도 있어서 신기했어요. 레몬 탕수육이랑 같이 먹으니까 상큼+고소+매콤 조합이 은근 잘 어울려서 손이 계속 가더라구요. 딤섬도 촉촉하고 매콤한 소스랑 잘 어울렸고, 전체적으로 음식 하나하나 조화가 좋았어요. ✔️ 매콤한 거 좋아하면 사천짜장 추천 ✔️ 탕수육은 무조건 시켜야 하는 메뉴!",crawl
일단짬뽕 진짜맛도리에요! 홍유초수 꼭! 꼭!!드세요! 탕수육은 마늘간장찍어먹으니까 색다르더라구요!ㅎㅎ전체적으로 입맛에 딱 맞았습니다! 집근처라 자주올것같아요!,crawl
식사메뉴부터 요리까지 너무 맛있게 먹고 왔습니다! 짜장면2+미니탕수육 세트(짜장면 변경 가능)도 있어서 2명이서 식사할 때 안성맞춤 메뉴에 요리류도 가격도 적당하고 맛도 있는데 속도 편해서 오늘 저녁에는 잠을 편하게 잘 수 있을 것 같습니다 ㅎㅎ 잘 먹고 왔습니다~!,crawl
가족끼리 간만에 외식을 나왔는데 그동안 가보고 싶었던 앵그리웍에 왔습니다 삼선누룽지탕 뜨끈하니 속이 편해지는 맛이었고 중화비빔밥과 자장면도 너무 맛있었습니다😊 리뷰이벤트로 주신 홍유초수도 새로운 맛인데 너무 맛있게 잘 먹었습니다 잘 먹고 갑니다ㅎㅎ,crawl
동파육이랑 빙화만두 궁금해서 왔어요:) 처음 먹어본 메뉴인데 맛있게 잘먹었습니다 중화비빔밥도 무난하고 짜장면은 맛있어요! 사천짜장은 제가 맵찔이라 좀 매웠습니다ㅠ흑흑 그래도 잘먹고갑니다😍,crawl
여기 레몬버터탕수육은 다른 중국집에서는 먹어볼 수 없는 신선하고 매력적인 맛이에요!! 탕수육먹으러 재방문 했습니다! 잘 먹고 갑니다~,crawl
집 근처에 맛도 분위기도 좋아서 간혹 찾아가는 집이에요 레몬버터 탕수육은 상큼한 레몬맛에 달큰한 소스 녹진한 버터 맛이 살짝 가미되어 맛있어요 울면도 불맛 가득이고 앵그리버드 어묵이 올라가 귀여워요ㅎㅎ 잘먹고 갑니다,crawl
저희 가족들이 최고로 좋아하는 맛집입니다~~ 올때 마다 항상 친절하고 매장도 청결해서 아이들과 방문하기좋아요~~ 오늘도 맛있게 잘먹었습니다~~,crawl
나이를 먹다 보니 예전에는 중국집이 양 많이 주는 집 위주로 좋아 했는데 이제 짜샤이 주는 집과 볶음밥에 계란국을 주는 집을 찾게 되더라구요... 흔한 배달 중국 집과 다르게 밥을 제대로 볶아서 기름의 느끼함 보다 고소한 맛이 잘 느껴져서 추천 합니다. 음식의 간이 전체적으로 쎄지 안고 맛을 잘 살려 추천 합니다.,crawl
새로 생긴것같아서 왔는데 세트메뉴가 저렴해서 너무 좋아요 ㅎ 미니탕수가 1만 3천원이라니 ㅎㅎ 아주 저렴합니다 ㅎㅎ 세트로 하면 짜장면이 7천원에서 6천원이 되는 매직 ❤❤️ 너무 맛나요옹 ㅎㅎㅎ저희는 짬뽕이 진짜 맛났어용 ㅎㅎ,crawl
음식이 되게 깔끔하게 맛있어요 짬뽕도 같이 시켰는데 신라 호텔에서 먹었던 짬뽕보다 맛있어서 놀랐습니다 👍🏻👍🏻 탕수육도 너무 바삭하고 소스도 너무 맛있습니다! 리뷰이벤트로 나오는 홍유초수는 이렇게 맛있는걸 리뷰로 주셔도 되나 싶을정도👍🏻,crawl
오우 탕수육 넘 바삭하고 소스도 맛있어요! 양파랑 같이 먹으니 맛있어요^^ 짬뽕에 앵그리 오뎅 넘 귀여워요♡ 맛은 깊고 진한!! 맛있고 거를 메뉴 없는 곳이에요!!,crawl
이집만의 맛을 느낄수 있습니다. 메뉴선택을 잘한거 같아요. 담번엔 다른 메뉴도 다 먹어보겠습니다!!,crawl
세트메뉴 로 짜장면과 잡봉 미니 탕수육 함께 먹을수 있어서 좋아요 그리고 맛있어요~~,crawl
미니탕수육 세트랑 짬뽕 먹고 왔어요! 해물베이스육수맛이 찐하게 나는 짬뽕 너무 맛있네요 아이가 좋아하는 짜장면의 소스속 내용물도 풍부하고 잘먹었습니다~,crawl
집 앞에 있어 먹으러 왔는데 정말 맛있어요!! 사천짜장면은 정말 매워요ㅠㅠ 평소 불닭볶음면을 즐겨 먹지만 너무 맵더라구요.. 하지만 맛은 있어서 다 먹었어요 레몬버터탕수욕도 레몬이 들어가 상큼하게 맛있어요 종종 먹으러 올러 같아요,crawl
미니탕수육이랑 짜장세트에 곱배기로 주문했어요 짜장면 고기 들어가서 맛있네요 미니 탕수육도 바삭하고 새콤 달콤 하니 양파 맛이 나면서 잘먹었습니다 2인세트로 괜찮네요,crawl
자주 이용합니다 진짜 맛있어용 ~! 오늘은 냉짬뽕을 시켰지만 차우면도 맛있어요,crawl
한가한 주말 아이와 함께 방문 독특한 분위기도 멋있고 음식도 너무 깔끔하니 맛있다 연인들이 많은 오는 이유일듯,crawl
"처음 생겼을때 집근처라 궁금해서 먹어봤는데 오......👍 그 뒤로는 중국음식 먹고 싶을때는 포장을 하든 와서 먹든 여기서 거의 먹네요 ㅎㅎ 다른 중국집에는 없는 메뉴가 많아서 좋고, 메뉴가 많으면 메인만 맛잇는 경우가 많은데 여기는 올때마다 다른 메뉴 시켜먹어본 결과 다 맛있어요 진짜🥹 완추🫶",crawl
레몬버터탕수육 홍유초수 사천짜장면 주문한 메뉴 다 맛있게 먹었어요 여기서만 맛볼수있는 메뉴들이 있어서 좋고 집근처였으면 자주오고싶은 중식 찐맛집이에요 😆,crawl
기본 식사류 메뉴는 물론 요리류가 굉장히 다양한 곳이에요! 특히 레몬버터탕수육 색다른 탕수육 맛을 느낄 수 있어서 좋았어요:),crawl
"식당 분위기도 너무 좋고, 음식도 너무 맛있습니다!!! 가성비도 매우 좋네요!!! 가족끼리 식사하기도 너무 좋고, 술 먹기에도 좋네요! 또 오겠습니다!",crawl
레몬버터 탕수육이랑 짬뽕 먹으러 왔어요~ 전부터 레몬 탕수육 먹어보고 싶었는데 향긋하고 깔끔한 맛이 여자들이 좋아할 스타일이네요 ㅎㅎ 짬뽕도 칼칼하이 시원하고 서비스로 나온 홍유초수는 그냥 물만두보다는 새우딤섬맛이 나서 더 맛있게 잘먹었습니다! 다음에 또 올게요😁,crawl
울동네. 최고맛집 입니다 크림새우 집채밥. 감칠만 나는 맛난 중식 짱 맛나요,crawl
"온천장맛집 앵그리웍 탕수육이랑 볶음밥먹엇는데 둘다맛잇엇어요, 특히 레몬버터탕수육 강추!! 다음에는 요리류도 먹어보러 부모님모시고 와야겟어요",crawl
직원분 추천으로 동파육 시켰어요 소스에 불향이 나고 맛있네요 청경채 익힘도 좋구요 소주도 맥주도 함께하고픈 맛이예요 재방문 할꼬예용,crawl
온천장 많은 중국집 중 맛은 top3 맛있네요^^,crawl
깔끔하면서 맛있기 쉽지 않은데 여기가 그 어려운걸 하시는 집입니다! 깔끔하면서도 맛이 있어요! 메뉴도 다양한데 다 맛있네요! 맛있게 잘 먹었습니다!,crawl
집에서 가까워서 한번씩 가는 곳인데 중식인데 부담스럽지않고 음식이 맛있어요!! 자주 올게요!!^^,crawl
첫방문 잘먹고 갑니다. 건승하시길,crawl
매장 인테리어에 불사조가 많아서 인상적이에요! 단체룸이 있어서 회식하기도 좋아요! 음식 메뉴가 다양하고 맛있습니다. 기본 반찬인 짜샤이도 맛있아요! 첫 방문이었는데 또 오고싶습니다!,crawl
아기가 좋아하는 탕수육 먹으러 왔어요. 레몬버터 탕수육 특별한 맛이에요. 그리고 볶음밥도 맛있습니다. 감사합니다!,crawl
"우연히 방문했는데 , 전체적으로 음식이 깔끔하고 맛있어요. 사천짜장은 매콤해서 좋았어요. 냉짬뽕도 불맛나고 맛있게 잘먹었어용 ~~",crawl
"레몬버터 탕수육, 짬뽕 먹었는데 맛있어요!!!! 레몬 버터 탕수육은 상큼하고 버터 향이 좋아서 계속 들어가고 짬뽕은 제가 찾던 시원한맛..!!! 너무 맛있습니다ㅎㅎㅎ",crawl
오오 맛있어요! 사천짜장 진짜 매콤하게 정신 번쩍 드는 맛임ㅎㅎ 짬뽕도 맛있구 ㅎㅎ 만두는 허겁지겁 먹느라 못찍었는네 육즙이 살아있아요! 굿굿 ㅎㅎ,crawl
동네에 새로 생겨 오게 되었는데 좋은 음식점이 생겨 너무 좋네요 앞으로 자주 방문할게요:),crawl
담백한 짜장면과 새콤한 탕수육이 맛잇어요. 앵그리버드 어묵이 귀엽습니다. ㅎㅎㅎㅎ,crawl
탕수육이바삭바삭하고 맛있어용~ 짜장면도 맛있습니다!! 짬뽕도 맛있습니다!!!,crawl
비도 오고 기름진 음식이 생각이 나던 차에 아이들이 탕수육이 먹고 싶다고 해서 집 근처에 있는 액그리웍으로 결정!!! 올때 마다 느끼지만 다른 중국집과는 차별화된 맛으로 전메뉴를 먹고 싶다는 생각이 들어요 오늘 매콤한 짬뽕이 땡겨 얼큰 하게 잘 먹었습니다 다음엔 동파육이 먹고 싶다고 딸램이 말해서 곧 다시와야 할것 같아요~^^,crawl
앵그리웍! 앵그리 버드가 면위에 토핑으로 있는데 귀여워! 레몬버터 탕수육 풍미 미첬음! 맛있어요!!,crawl
신선해보이네요! 잘 먹겠습니다~,crawl
여기 메뉴 다 맛있어요 다른곳에는 없는 차우면도 맛있고 짬뽕도 국물이 깔끔해서 맛납니다 여름에는 종종 냉짬뽐 먹는데 면도 쫄깃하고 간도 딱 좋아서 부담없이 땡기는 맛이에요 온천장 맛집입니당 자주올게요😊,crawl
집앞에 지나다니면서 와야지 하다가 오늘 첨 왓는데 맛잇어용 !!!!,crawl
"오이무침&황금송화단, 깔끔하고 전채로 좋아요. 짬뽕, 국물이 진하고 션해요. 크림새우, 달콤하고 맛있어요.",crawl
요리가 저렴하고 맛도 있어요 강추합니다,crawl
탕수육 소스찍어먹으면 진짜 맛잇어요 홍유초수 꼭 드셔보세요,crawl
두번째 방문 음식이 맛있고 재료가 신선해요 직원분 친절하시고 음식도 빨리 나와요 잘먹고 갑니다^^,crawl
맛 괜찮네용🫠🫠,crawl
메뉴마다 다 맛있고 깔끔해요 빙하만두 바싹하고 촉촉하고 아주 맛있네요~다음에 또 방문할께요~,crawl
처음왔는데 너무 맛있네요 ㅎㅎㅎ 볶음밥도 고슬고슬하고 유린기도 맛있어여! 다음엔 다른 메뉴 도전해보겠습니다 😌✌🏻,crawl
레몬버터탕수육 버터풍미 좋고 맛있어요! 짜장면 짬뽕 다 맛있습니닷,crawl
사진은 울면이지만 저녁에 오면 탕수육이랑 식사랑 먹곤 하는데 탕수육 바삭 촉촉해서 넘 맛있고 울면은 물론 맛있고 사천짜장이랑 중화볶음밥은 평소에 최애 메뉴입니다👍🏼 오늘도 맛있게 잘 먹었습니다!,crawl
동파육이 다른곳과 달리 맛이 큭별합니다. 잠봉은 동래구에서 여기가 젤 맛있는거 같구요 서비스로 주신 홍유초슈도 맛있습니다!,crawl
너무 맛있어요~ 일반 중국음식과는 다른 특별함이 있는데 맛있기까지 해서 좋아요~^^,crawl
음식이 전반적으로 깔끔하고 맛있어요. 짜장면이 진하고 고소해서 또 시키고 싶네요. 양도 푸짐하고 맛도 훌륭해요. 가족끼리 맛있게 잘 먹었습니다. 기본에 충실한 중국집! 재주문 의사 100%입니다.,crawl
미니탕수육 짜장면 세트를 짬뽕으로 바꿔서 주문했어여 첫방문인디 맛있네용,crawl
맛도 좋고 청결합니다!! 추천해요,crawl
짬뽕 불맛나고 맛있어요! 탕수육이랑 같이 꼭 시켜드세용 짜장면에 올라간 앵그리버드(?) 존귀❤️,crawl
귀여운 앵그리어묵이 있어요 양많고 맛있어요 친절해서 좋아요,crawl
중화비빔밥 빙화만두 짬뽕 볶음밥 주문해서 먹었어요 짬뽕 개운하고 얼큰하더라구요 해장짬뽕하기 좋아요 빙화만구는 겉바속촉!! 역시 중식만두는 사랑이구요 중화비빔밥 젤 맛나게 먹었어요 불맛나는 맛난 제육덮밥스탈인데 베이스가 짬뽕국물이니 더 맛있어요 !! 맛있게 잘먹었네요^^,crawl
"처음 방문했는데, 음식이 깔끔하고 고급 레스토랑에서 나오는 수준의 음식 같아요. 홍유초수는 속이 되게 촉촉하고 부드럽고, 탕수육도 겉바속촉이라서 정말 맛있네요. 다음에 또 먹고 싶네요.",crawl
"다른곳에 없는 새로운 메뉴가 있어서 방문했어요!! 배추찜 정말 강추입니다♡ 상상했던 그 요리 였어요^^ 탕수육 짬뽕 다른 식사, 요리 메뉴 다 맛있고 시원하고 매장 회전율도 좋습니다^^ 또 올꺼에요~~",crawl
음식이 깔끔하고 맛있어요 가격도 저렴하고 영화보러 왔다가 들렀는데 대박 만족합니다,crawl
탕수육 엄청 바싹 촉촉합니당~ 겉바속촉^^! 냉짬뽕 불맛강하고 칼칼하며 맘에 듭니다. 올해먹은 냉짬뽕 중에는 최고인듯합니다~,crawl
친절하시고 음식이 굿굿입니다 재방문 의사 있어요 ~^^*,crawl
"탕수육 먹으러 갔다가 돼지고기 튀김이 있길래 탕수육 대신에 주문해봤어요! 강하지 않게 향신료가 느껴졌고, 부추 볶음이 맛있었어요! 잡채밥도 맛있었어요!",crawl
지인 추천으로 처음 와봤는데 정말 맛있네요 😋👍🏻,crawl
정말 맛이 좋아요!! 특히 홍유초수가 맛있습니다 ㅎㅎ,crawl
* 본 리뷰는 서비스 일부를 협찬 받아 체험후 솔직하게 작성했습니다. 레몬버터 탕수육은 처음 먹어보는데 너무 맛있더라구요🤩 고기도 엄청 신선한걸 쓰시는지 잡내도 없고 궁채와 함께 먹으니 식감도 너무 좋았어요!! 짜장은 유니짜장 스타일인데 맛있어서 수저로 소스도 남김없이 다 먹었네요 ㅎㅎ 울면은 소스가 부드러워서 꿀떡꿀떡 넘어가더라구요 전부다 맛있어서 엄청 만족스러운 한끼였습니다😍👍,crawl
중화비빔밥 사천짜장 맛이 아주 좋습니다. 탕수육도 튀김옷도 적당히 잘 입혀서 쫄깃쫄깃 맛있네요,crawl
처음 방문했는데 매장도 청결하고 좋아용 ! 레몬버터탕수육도 색다르고 짬뽕도 시원칼칼 맛있습니다!,crawl
볶음밥 너무 고슬고슬하고 맛있어요!,crawl
해물짬뽕곱배기 2천원더주고 만원에 포장했습니다 작은새우 3마리들어있네요 면위에 국물을 부은거라 다른내용물도 사진에보이는 저게 전부입니다 사장님은 이게 해물짬뽕이 맞다고 생각하시나요? 곱배기인데 양도 너무적어서 어이가없네요 양심껏 장사하시길바랍니다,crawl
메뉴 특이하고 맛있어요!! 자주 오고싶어용,crawl
새로운 메뉴도 다양하게 맛 볼수 있고 음식도 맛있습니다 잘 왔네요 직원분도 친절 하시고 담에 또 재방 하겠습니다 번창하세요 ^^,crawl
요즘 중화요리집은 솔직히 많이 퀼리티 떨어져서 망설이게 되는데 이 집은 후회없을만한 집입니다. 강력추천,crawl
두번째 방문! 탕수육에 궁채가 들어가 있어서 신선했어요 ~ 아삭한 식감이 너무 잘 어울리고 맛있어요! 이번에 잡채밥과 중화비빔밥을 먹을건데 먹기 전 부터 기대가 되네요 자주 방문할거 같습니다 ㅎㅎ,crawl
"엥그리동파육, 사천탕수육, 홍유초수 시키고 짜장면, 차우면 등의 식사를 시켰는데 손님이 많아 예약하고도 음식을 좀 기다렸네요 하지만 음식맛이 깔끔하고 맛깔스러웠어요^^",crawl
중국 여행온거 같이 좋아요~ 잘먹겠습니다,crawl
음식 양도 많고 맛도 조아요!! 매장 분위기도 짱이네오🤍,crawl
메뉴가 다양해서 여러가지 시켜먹기 좋고 안주로나 식사로나 너무 좋습니다!,crawl
잘먹었습니다. 음식도 맛있는대 화장실에 에어컨 너무좋아여 시원했어요,crawl
"미니탕수육도 맛잇고 , 저 매운거 좋아하는데 사천짜장 매콤하고 맛있습니다ㅎㅎ 잘먹었어요!!",crawl
돼지고기튀김에 칭따오 먹으러왔는데 제가 먹어본 돼지고기 튀김 중 제일 맛있는 거 같아요. 그러고 같이 주신 고추기름?이랑 간장이랑 섞은 거 찍어먹으니깐 엄청 맛이 향상되고 좋은 거 같아요. 맛있게 잘 먹었습니다,crawl
짬뽕 탕수육 둘다 넘 맛있어요 ㅎㅎ 🧡,crawl
음식이 깔끔하고 맛있어요~~!,crawl
인기있는 중국집으로 알고 있어서 방문했어요. 손님이 평일인데도 꽤 많았습니다. 모든 메뉴 다 맛있습니다!! 레몬 버터 탕수육이라는 특이한 메뉴가 있네요 ㅎㅎ 맛있게 잘 먹었습니다~,crawl
"진짜 너무너무 맛있어요ㅠㅠㅠ레몬버터탕수육 첨엔 생소했는데 너무잘어울리구,, 사천짜장면도 미친 맛 또 올게요❤️",crawl
아주 맛도리 입니다 ㅎㅎ 종종 오겠습니다,crawl
"탕수육은 기본 주문해야 하는 메뉴인데 다른집이랑 다른 이름이라 주문하기가 망설여지더라구요..버터?레몬..?상상이 안가서 고민 진짜많이했는데 다른집 탕수육소스랑 비슷하지만 조금의 풍미가 더해졌으니 걱정안하고 주문하셔도 됩니다~~ ☆엄청 바삭하고 고기가 두툼해 기분좋음!!치킨같이 맛있음~ ☆차우면 : 단짠단짠 간장소스에 볶음면 해산물, 고기 골고루들어서 짬뽕짜장이 질릴땐 차우면 시키기~~ @@☆▪︎☆@@ 이 집에서 젤 맛있게 먹은 특!! 볶음밥...외국에서 먹은 볶음밥보다 더 맛있음~~ 남편이 면쟁이라서 차우면을 더 잘먹을줄알았는데 볶음밥..와이프 먹던지 말던지 싹싹긁어먹더라구요ㅋㅋ 이렇게 긴 리뷰는 처음쓸만큼 맛있는집이였어요!! 그리고 온천장 길건너 중국집보다 가성비좋고 맛도좋아서 또또또 올꺼예요!!♡♡ 더보기",crawl
미니탕수육 짜장세트와 특볶음밥 입니다. 아주 맛나게 먹었습니다. 담에도 오겠습니다.,crawl
짜장면에 춘장맛 많이나고 덜달아서 좋아요 이색적인 메뉴가많고 탕수육 찍어먹는 마늘고추기름?+간장 조합 너무좋네용ㅎㅎ,crawl
부산 와서 처음 방문합니다! 너무 맛있어서 단골 예정이예요🩵 다음엔 마의상수도 먹어볼게요👍🏻👍🏻,crawl
메뉴들이 자극적이지 않고 맛있어요 특히 짬뽕 맛있습니다 다음에 또 올께요,crawl
사천 짜장 너무 맛있었고 양념이 아까워서 밥까지 비벼먹었습니다👍🏻,crawl
두번째 방문인데 올때마다 친절하시고 너무너무 맛있습니댱 !!!ㅠㅠ,crawl
모든메뉴가 맛있습니다. 양도 많고 가족끼리 방문했는데 만족합니다.,crawl
